--- CATEGORY ---,BRAND NAME,SALT / COMPOSITION,DETAILS / USAGE,ORIGINAL NAME
==== AYURVEDIC & HERBAL STARTS HERE ====,,,,
AYURVEDIC & HERBAL,AVG Jamun Neem Karela Plus Powder,N/A,Ayurvedic Medicine,AVG Jamun Neem Karela Plus Powder
AYURVEDIC & HERBAL,Amla Churna,N/A,Ayurvedic,Amla Churna
AYURVEDIC & HERBAL,Ayurvedic & OTC Medicines,N/A,IME-9 Tablets,Ayurvedic & OTC Medicines
AYURVEDIC & HERBAL,Ayurvedic & OTC Medicines,N/A,AIMIL BGR-34 Tablets,Ayurvedic & OTC Medicines
AYURVEDIC & HERBAL,Ayurvedic Churan/Herbal Mix,Assorted Jars,Ayurvedic Medicine,Ayurvedic Churan/Herbal Mix (Assorted Jars)
AYURVEDIC & HERBAL,Ayurvedic Medicine,N/A,Himalaya Ashvagandha Tablets,Ayurvedic Medicine
AYURVEDIC & HERBAL,Ayurvedic Medicine,N/A,Himalaya Liv.52 DS Tablets,Ayurvedic Medicine
AYURVEDIC & HERBAL,Ayurvedic Medicine,N/A,Himalaya Septilin Tablets,Ayurvedic Medicine
AYURVEDIC & HERBAL,Ayurvedic Medicine,N/A,Himalaya Cystone Tablets,Ayurvedic Medicine
AYURVEDIC & HERBAL,Ayurvedic Medicine,N/A,Himalaya Pilex Tablets,Ayurvedic Medicine
AYURVEDIC & HERBAL,Ayurvedic Medicine,N/A,Himalaya Gasex Tablets,Ayurvedic Medicine
AYURVEDIC & HERBAL,Ayurvedic Medicine,N/A,IME-9 Tablets,Ayurvedic Medicine
AYURVEDIC & HERBAL,Ayurvedic Medicine,N/A,BGR-34 Tablets (AIMIL),Ayurvedic Medicine
AYURVEDIC & HERBAL,Ayurvedic Medicine,N/A,Kayam Tablet,Ayurvedic Medicine
AYURVEDIC & HERBAL,Baidyanath Anu Taila,N/A,Ayurvedic/Oil,Baidyanath Anu Taila
AYURVEDIC & HERBAL,Baidyanath Triphala Juice,N/A,Ayurvedic Medicine,Baidyanath Triphala Juice
AYURVEDIC & HERBAL,Baidyanath Triphala Juice,N/A,General,Baidyanath Triphala Juice
AYURVEDIC & HERBAL,Boro Plus Ayurvedic Antiseptic Cream,N/A,Skin Care,Boro Plus Ayurvedic Antiseptic Cream
AYURVEDIC & HERBAL,Boroline Antiseptic Ayurvedic Cream,N/A,Cream/Ointment/Gel,Boroline Antiseptic Ayurvedic Cream
AYURVEDIC & HERBAL,Cream/Ointment/Gel,N/A,Himalaya FootCare Cream,Cream/Ointment/Gel
AYURVEDIC & HERBAL,Dabur Chyawanprash,N/A,General,Dabur Chyawanprash
AYURVEDIC & HERBAL,Dabur Gulabari Rose Water,N/A,Skincare,Dabur Gulabari Rose Water
AYURVEDIC & HERBAL,Dabur Honitus Herbal Cough Remedy,N/A,General,Dabur Honitus Herbal Cough Remedy
AYURVEDIC & HERBAL,Dabur Meswak Toothpaste,N/A,Dental Care,Dabur Meswak Toothpaste
AYURVEDIC & HERBAL,Dabur Red Paste,N/A,Dental Care,Dabur Red Paste
AYURVEDIC & HERBAL,Dabur Shilajit Gold,N/A,Health & Supplements,Dabur Shilajit Gold
AYURVEDIC & HERBAL,Dabur Sitopaladi Churna,N/A,Ayurvedic Medicine,Dabur Sitopaladi Churna
AYURVEDIC & HERBAL,Divya Gashar Churna,Patanjali,Ayurvedic Medicine,Divya Gashar Churna (Patanjali)
AYURVEDIC & HERBAL,Divya Lavan Bhaskar Churna,Patanjali,Ayurvedic Medicine,Divya Lavan Bhaskar Churna (Patanjali)
AYURVEDIC & HERBAL,Divya Mukta Vati Extra Power,Patanjali,Ayurvedic Medicine,Divya Mukta Vati Extra Power (Patanjali)
AYURVEDIC & HERBAL,Dr. Ortho Ayurvedic Joint Pain Oil,N/A,Ayurvedic/Pain Relief,Dr. Ortho Ayurvedic Joint Pain Oil
AYURVEDIC & HERBAL,Hamdard Joshina,N/A,General,Hamdard Joshina
AYURVEDIC & HERBAL,Hamdard Khamira Marwareed Khas,N/A,Unani Medicine,Hamdard Khamira Marwareed Khas
AYURVEDIC & HERBAL,Hamdard Safi Natural Blood Purifier,N/A,General,Hamdard Safi Natural Blood Purifier
AYURVEDIC & HERBAL,Hamdard Sualin,N/A,Ayurvedic & OTC Medicines,Hamdard Sualin
AYURVEDIC & HERBAL,Hamdard Sualin,N/A,Ayurvedic Medicine,Hamdard Sualin
AYURVEDIC & HERBAL,Himalaya AyurSlim Capsules,N/A,Ayurvedic Medicine,Himalaya AyurSlim Capsules
AYURVEDIC & HERBAL,Himalaya Purifying Neem Face Wash,N/A,Skincare,Himalaya Purifying Neem Face Wash
AYURVEDIC & HERBAL,Himani Navratna Ayurvedic Oil,Red,Hair Care,Himani Navratna Ayurvedic Oil (Red)
AYURVEDIC & HERBAL,Himani Navratna Ayurvedic Oil,Green,Hair Care,Himani Navratna Ayurvedic Oil (Green)
AYURVEDIC & HERBAL,Japani Oil,N/A,Ayurvedic & OTC Medicines,Japani Oil
AYURVEDIC & HERBAL,Kayam Churna,N/A,General,Kayam Churna
AYURVEDIC & HERBAL,Lodhrasav,N/A,Ayurvedic,Lodhrasav
AYURVEDIC & HERBAL,Lookman-E-Hayat Tel,N/A,Ayurvedic & OTC Medicines,Lookman-E-Hayat Tel
AYURVEDIC & HERBAL,P-6 Fast Acting Formula Capsules,Piles,Ayurvedic & OTC Medicines,P-6 Fast Acting Formula Capsules (Piles)
AYURVEDIC & HERBAL,Patanjali Aloe Vera Juice,N/A,General,Patanjali Aloe Vera Juice
AYURVEDIC & HERBAL,Patanjali Aloevera Juice,N/A,General,Patanjali Aloevera Juice
AYURVEDIC & HERBAL,Patanjali Aloevera Juice with Fiber,N/A,Health & Supplements,Patanjali Aloevera Juice with Fiber
AYURVEDIC & HERBAL,Patanjali Balm,N/A,Pain Relief & Balms,Patanjali Balm
AYURVEDIC & HERBAL,Patanjali Dant Kanti,Regular/Advanced/Fresh Active Gel,Dental Care,Patanjali Dant Kanti (Regular/Advanced/Fresh Active Gel)
AYURVEDIC & HERBAL,Patanjali Rose Water,Jal,Ayurvedic Medicine,Patanjali Rose Water (Jal)
AYURVEDIC & HERBAL,Patanjali Saundarya Face Wash,N/A,Skincare & Cosmetics,Patanjali Saundarya Face Wash
AYURVEDIC & HERBAL,Ridemax Capsules,N/A,Ayurvedic & OTC Medicines,Ridemax Capsules
AYURVEDIC & HERBAL,Ringcutter Ointment,N/A,Ayurvedic & OTC Medicines,Ringcutter Ointment
AYURVEDIC & HERBAL,Shilajit,Packets/Box,Ayurvedic Medicine,Shilajit (Packets/Box)
AYURVEDIC & HERBAL,Swadeshi Karela Jamun Ras,N/A,Ayurvedic Medicine,Swadeshi Karela Jamun Ras
AYURVEDIC & HERBAL,Zalim Lotion,N/A,Ayurvedic & OTC Medicines,Zalim Lotion
AYURVEDIC & HERBAL,Zandu Fast Relief,N/A,Pain Relief Gel/Ointment,Zandu Fast Relief
AYURVEDIC & HERBAL,Zandu Rhumasyl Liniment,N/A,Ayurvedic/Pain Relief,Zandu Rhumasyl Liniment
==== BABY CARE STARTS HERE ====,,,,
BABY CARE,Baby Care,N/A,Johnson's Baby Skincare Wipes,Baby Care
BABY CARE,Baby Care,N/A,Bonne Polycare Smooth-neck feeder,Baby Care
BABY CARE,Baby Feeding Bottles,N/A,Baby Care,Baby Feeding Bottles
BABY CARE,Baby Water Teether,Apple Shape,Baby Care,Baby Water Teether (Apple Shape)
BABY CARE,BabyMe Steel Feeder,N/A,Baby Care,BabyMe Steel Feeder
BABY CARE,Bonne Acer Steel Feeder,N/A,Baby Care,Bonne Acer Steel Feeder
BABY CARE,Bonne Goglass Glass Sipper,N/A,Baby Care,Bonne Goglass Glass Sipper
BABY CARE,Bonne Polykid Smooth-neck feeder,N/A,Baby Care,Bonne Polykid Smooth-neck feeder
BABY CARE,Cerelac,N/A,General,Cerelac
BABY CARE,Chicco Baby Products,N/A,General,Chicco Baby Products
BABY CARE,Chicco Well-Being Feeding Bottle,2m+,Baby Care,Chicco Well-Being Feeding Bottle (2m+)
BABY CARE,Dabur Janma Ghunti,N/A,Ayurvedic/Baby Care,Dabur Janma Ghunti
BABY CARE,Dabur Lal Tail,N/A,Baby Care,Dabur Lal Tail
BABY CARE,Dabur Lal Tail,N/A,Ayurvedic/Baby Care,Dabur Lal Tail
BABY CARE,Friends Adult Diapers,N/A,Personal Care,Friends Adult Diapers
BABY CARE,Friends Adult Diapers,"Sizes M, L, XL",Personal Care,"Friends Adult Diapers (Sizes M, L, XL)"
BABY CARE,Himalaya Baby Cream,N/A,Baby Care,Himalaya Baby Cream
BABY CARE,Himalaya Baby Powder,N/A,General,Himalaya Baby Powder
BABY CARE,Himalaya Gentle Baby Powder,N/A,Baby Care,Himalaya Gentle Baby Powder
BABY CARE,Himalaya Gentle Baby Shampoo,N/A,Baby Care,Himalaya Gentle Baby Shampoo
BABY CARE,Himalaya Gentle Baby Soap,N/A,Baby Care,Himalaya Gentle Baby Soap
BABY CARE,Himalaya Gentle Baby Wash,N/A,Baby Care,Himalaya Gentle Baby Wash
BABY CARE,Himalaya Happy Baby Gift Pack,N/A,Baby Care,Himalaya Happy Baby Gift Pack
BABY CARE,Johnson's Baby Gift Set,N/A,Baby Care,Johnson's Baby Gift Set
BABY CARE,Lactogen,N/A,General,Lactogen
BABY CARE,MamyPoko Pants,N/A,General,MamyPoko Pants
BABY CARE,MamyPoko Pants Diapers,N/A,Baby Care,MamyPoko Pants Diapers
BABY CARE,MamyPoko Pants Extra Absorb,"Sizes S, L, XL, XXL",Baby Care,"MamyPoko Pants Extra Absorb (Sizes S, L, XL, XXL)"
BABY CARE,Nestle Cerelac Wheat Apple,N/A,Baby Food,Nestle Cerelac Wheat Apple
BABY CARE,Nestle Cerelac Wheat-Rice Mixed Fruit,N/A,Baby Food,Nestle Cerelac Wheat-Rice Mixed Fruit
BABY CARE,Nestle Lactogen Pro 1 Infant Formula,N/A,Baby Food,Nestle Lactogen Pro 1 Infant Formula
BABY CARE,Nestle Lactogen Pro 2 Follow-Up Formula,N/A,Baby Food,Nestle Lactogen Pro 2 Follow-Up Formula
BABY CARE,Rashoff Diaper Rash Cream,N/A,Cream/Ointment/Gel,Rashoff Diaper Rash Cream
BABY CARE,Tender Flo Baby Water Teether,N/A,Baby Care,Tender Flo Baby Water Teether
BABY CARE,Vicks BabyRub,N/A,Baby Care,Vicks BabyRub
==== FMCG & PERSONAL CARE STARTS HERE ====,,,,
FMCG & PERSONAL CARE,ANOVATE Cream,N/A,Cream/Ointment/Gel,ANOVATE Cream
FMCG & PERSONAL CARE,Abzorb Dusting Powder,N/A,Dusting Powder,Abzorb Dusting Powder
FMCG & PERSONAL CARE,Acivir Cream,N/A,Cream/Ointment/Gel,Acivir Cream
FMCG & PERSONAL CARE,Acne Star Gel,N/A,Cream/Ointment/Gel,Acne Star Gel
FMCG & PERSONAL CARE,AcneStar Soap,N/A,General,AcneStar Soap
FMCG & PERSONAL CARE,Alite Spots Reduction Cream,N/A,Skincare & Cosmetics,Alite Spots Reduction Cream
FMCG & PERSONAL CARE,Amar Lotion,N/A,Skincare,Amar Lotion
FMCG & PERSONAL CARE,Austro Relief Hot Gel,N/A,Pain Relief Gel/Ointment,Austro Relief Hot Gel
FMCG & PERSONAL CARE,Axe Dark Temptation Aftershave Lotion,N/A,Deodorants & Perfumes,Axe Dark Temptation Aftershave Lotion
FMCG & PERSONAL CARE,Axe Deodorant,N/A,General,Axe Deodorant
FMCG & PERSONAL CARE,Axe Signature Cologne Talc,N/A,Deodorants & Perfumes,Axe Signature Cologne Talc
FMCG & PERSONAL CARE,BETNOVATE Skin Cream,N/A,General,BETNOVATE Skin Cream
FMCG & PERSONAL CARE,Beer Shampoo,N/A,General,Beer Shampoo
FMCG & PERSONAL CARE,Benzac AC 5% Gel,N/A,Cream/Ointment/Gel,Benzac AC 5% Gel
FMCG & PERSONAL CARE,Betnovate-C Cream,N/A,Cream/Ointment/Gel,Betnovate-C Cream
FMCG & PERSONAL CARE,Biotique Sun Shield Sandalwood Sunscreen SPF 50+,N/A,Skin Care,Biotique Sun Shield Sandalwood Sunscreen SPF 50+
FMCG & PERSONAL CARE,Burn Heal Cream,N/A,Cream/Ointment/Gel,Burn Heal Cream
FMCG & PERSONAL CARE,Calsmooth Lotion,N/A,Lotion/Wash,Calsmooth Lotion
FMCG & PERSONAL CARE,Candid Lotion,N/A,Lotion/Wash,Candid Lotion
FMCG & PERSONAL CARE,Candid Mouth Paint,N/A,Gel/Mouth Paint,Candid Mouth Paint
FMCG & PERSONAL CARE,Castor-NF Skin Cream,N/A,Cream/Ointment/Gel,Castor-NF Skin Cream
FMCG & PERSONAL CARE,Cetaphil Moisturising Lotion,N/A,Skincare & Cosmetics,Cetaphil Moisturising Lotion
FMCG & PERSONAL CARE,Cheerio Gel Toothpaste,N/A,Dental Care,Cheerio Gel Toothpaste
FMCG & PERSONAL CARE,Cipladine Ointment,N/A,Cream/Ointment/Gel,Cipladine Ointment
FMCG & PERSONAL CARE,ClearGel,N/A,Cream/Ointment/Gel,ClearGel
FMCG & PERSONAL CARE,Clinic Plus Shampoo,N/A,Hair Care,Clinic Plus Shampoo
FMCG & PERSONAL CARE,Clocip Antifungal Cream,N/A,Cream/Ointment/Gel,Clocip Antifungal Cream
FMCG & PERSONAL CARE,Clocip Dusting Powder,N/A,Dusting Powder,Clocip Dusting Powder
FMCG & PERSONAL CARE,Clop-G Cream,N/A,Cream/Ointment/Gel,Clop-G Cream
FMCG & PERSONAL CARE,Clop-GM Neo Cream,N/A,Cream/Ointment/Gel,Clop-GM Neo Cream
FMCG & PERSONAL CARE,Closeup Everfresh+ Toothpaste,N/A,Oral Care,Closeup Everfresh+ Toothpaste
FMCG & PERSONAL CARE,Clotilix-M Cream,N/A,Cream/Ointment/Gel,Clotilix-M Cream
FMCG & PERSONAL CARE,Colgate ZigZag Toothbrush,N/A,Dental Care,Colgate ZigZag Toothbrush
FMCG & PERSONAL CARE,Cosmelite Cream,N/A,General,Cosmelite Cream
FMCG & PERSONAL CARE,Cosvate-GM Cream,N/A,Cream/Ointment/Gel,Cosvate-GM Cream
FMCG & PERSONAL CARE,Cream/Ointment/Gel,N/A,Zitcare-S Gel,Cream/Ointment/Gel
FMCG & PERSONAL CARE,D.F.O. Gel,N/A,Pain Relief Gel/Ointment,D.F.O. Gel
FMCG & PERSONAL CARE,DOLOGEL,N/A,Gel/Mouth Paint,DOLOGEL
FMCG & PERSONAL CARE,Denta Age Sensitive Toothpaste,N/A,Dental Care,Denta Age Sensitive Toothpaste
FMCG & PERSONAL CARE,Dentosys Toothpaste,N/A,Dental Care,Dentosys Toothpaste
FMCG & PERSONAL CARE,Denver Deo/Body Wash,N/A,Deodorants & Fragrances,Denver Deo/Body Wash
FMCG & PERSONAL CARE,Denver Pocket Perfume & Body Spray,"Black Code, Imperial, Hamilton",Deodorants & Perfumes,"Denver Pocket Perfume & Body Spray (Black Code, Imperial, Hamilton)"
FMCG & PERSONAL CARE,Derbeau-12% Cream,N/A,Cream/Ointment/Gel,Derbeau-12% Cream
FMCG & PERSONAL CARE,Dermadew Soap,N/A,General,Dermadew Soap
FMCG & PERSONAL CARE,Dermiford Cream,N/A,Cream/Ointment/Gel,Dermiford Cream
FMCG & PERSONAL CARE,Dermina Desi Ghee 1% Moisturizer,N/A,Skincare & Cosmetics,Dermina Desi Ghee 1% Moisturizer
FMCG & PERSONAL CARE,Dermina Face Wash,N/A,Skincare & Cosmetics,Dermina Face Wash
FMCG & PERSONAL CARE,Dexoderm NF Cream,N/A,Cream/Ointment/Gel,Dexoderm NF Cream
FMCG & PERSONAL CARE,Dove,N/A,General,Dove
FMCG & PERSONAL CARE,Dove Daily Shine Shampoo,N/A,Hair Care,Dove Daily Shine Shampoo
FMCG & PERSONAL CARE,Dove Men+Care Deodorant,N/A,Deodorants & Perfumes,Dove Men+Care Deodorant
FMCG & PERSONAL CARE,Dove Shampoo,N/A,Hair Care,Dove Shampoo
FMCG & PERSONAL CARE,Dusting Powder,N/A,Mycoderm Powder (Salicylic Acid & Benzoic Acid),Dusting Powder
FMCG & PERSONAL CARE,ETAZE-AF Cream,N/A,Cream/Ointment/Gel,ETAZE-AF Cream
FMCG & PERSONAL CARE,Electral Powder  30x21.80g,ORS,Health & Supplements,Electral Powder (ORS) 30x21.80g
FMCG & PERSONAL CARE,Elosone Cream,N/A,Cream/Ointment/Gel,Elosone Cream
FMCG & PERSONAL CARE,Elosone-S Ointment,N/A,Cream/Ointment/Gel,Elosone-S Ointment
FMCG & PERSONAL CARE,Emoform-R Toothpaste,N/A,Dental Care,Emoform-R Toothpaste
FMCG & PERSONAL CARE,Engage Pocket Perfume,N/A,Deodorants & Perfumes,Engage Pocket Perfume
FMCG & PERSONAL CARE,Enshine Kids Toothpaste,N/A,Dental Care,Enshine Kids Toothpaste
FMCG & PERSONAL CARE,Enshine Toothbrush,N/A,General,Enshine Toothbrush
FMCG & PERSONAL CARE,Enshine Toothbrushes,N/A,Dental Care,Enshine Toothbrushes
FMCG & PERSONAL CARE,Envy Natural Spray,Perfume/Deo,Deodorants & Fragrances,Envy Natural Spray (Perfume/Deo)
FMCG & PERSONAL CARE,Envy Perfume,N/A,General,Envy Perfume
FMCG & PERSONAL CARE,Envy Perfume Blush,N/A,General,Envy Perfume Blush
FMCG & PERSONAL CARE,Envy Perfume Passion,N/A,General,Envy Perfume Passion
FMCG & PERSONAL CARE,Envy Pocket Perfume,N/A,Deodorants & Perfumes,Envy Pocket Perfume
FMCG & PERSONAL CARE,Epic Body Spray,N/A,General,Epic Body Spray
FMCG & PERSONAL CARE,Epic Deodorant,N/A,General,Epic Deodorant
FMCG & PERSONAL CARE,Everyuth Naturals Face Wash,N/A,Skincare,Everyuth Naturals Face Wash
FMCG & PERSONAL CARE,Face Mask,Pink Packet,Accessories,Face Mask (Pink Packet)
FMCG & PERSONAL CARE,Face Scrub,De-Tans,General,Face Scrub (De-Tans)
FMCG & PERSONAL CARE,Fem Gold Creme Bleach,N/A,Personal Care & Hygiene,Fem Gold Creme Bleach
FMCG & PERSONAL CARE,Fem Saffron & Milk Creme Bleach,N/A,Personal Care & Hygiene,Fem Saffron & Milk Creme Bleach
FMCG & PERSONAL CARE,Fogg Body Spray,"Paradise, Napoleon",Deodorants & Perfumes,"Fogg Body Spray (Paradise, Napoleon)"
FMCG & PERSONAL CARE,Fogg Body Spray,N/A,General,Fogg Body Spray
FMCG & PERSONAL CARE,FourDerm Cream,N/A,Cream/Ointment/Gel,FourDerm Cream
FMCG & PERSONAL CARE,Fucidin Cream,N/A,Cream/Ointment/Gel,Fucidin Cream
FMCG & PERSONAL CARE,Fucidin Ointment,N/A,Cream/Ointment/Gel,Fucidin Ointment
FMCG & PERSONAL CARE,Fusilix B Cream,N/A,Cream/Ointment/Gel,Fusilix B Cream
FMCG & PERSONAL CARE,Garnier Bright Complete Vitamin C Serum,N/A,Skincare & Cosmetics,Garnier Bright Complete Vitamin C Serum
FMCG & PERSONAL CARE,Garnier Color Naturals,N/A,General,Garnier Color Naturals
FMCG & PERSONAL CARE,Garnier Color Naturals Creme Riche,Burgundy,Hair Care,Garnier Color Naturals Creme Riche (Burgundy)
FMCG & PERSONAL CARE,Garnier Color Naturals Creme Riche,Natural Black,Hair Care,Garnier Color Naturals Creme Riche (Natural Black)
FMCG & PERSONAL CARE,Garnier Face Wash,N/A,General,Garnier Face Wash
FMCG & PERSONAL CARE,Garnier Men,N/A,General,Garnier Men
FMCG & PERSONAL CARE,Garnier Men Face Wash,TurboLight/AcnoFight,Skincare,Garnier Men Face Wash (TurboLight/AcnoFight)
FMCG & PERSONAL CARE,Garnier Wrinkle Lift Anti-Ageing Cream,N/A,Skincare & Cosmetics,Garnier Wrinkle Lift Anti-Ageing Cream
FMCG & PERSONAL CARE,Gillette Guard,N/A,General,Gillette Guard
FMCG & PERSONAL CARE,Gillette Guard Razor,N/A,Personal Care,Gillette Guard Razor
FMCG & PERSONAL CARE,Gillette Guard Razors,N/A,Personal Care & Hygiene,Gillette Guard Razors
FMCG & PERSONAL CARE,Gillette Venus Instant Smoothness Razor,N/A,Personal Care,Gillette Venus Instant Smoothness Razor
FMCG & PERSONAL CARE,Gillette Venus Razors,N/A,Personal Care,Gillette Venus Razors
FMCG & PERSONAL CARE,Glow & Lovely Face Wash,N/A,Skincare & Cosmetics,Glow & Lovely Face Wash
FMCG & PERSONAL CARE,Glyco 6 Cream,N/A,Cream/Ointment/Gel,Glyco 6 Cream
FMCG & PERSONAL CARE,Greenplus Cockroach Magic Gel,N/A,Household,Greenplus Cockroach Magic Gel
FMCG & PERSONAL CARE,Hadensa Ointment,N/A,Cream/Ointment/Gel,Hadensa Ointment
FMCG & PERSONAL CARE,Hair Care,N/A,Sunsilk Thick & Long Shampoo (Pink),Hair Care
FMCG & PERSONAL CARE,Hair Care,N/A,Sunsilk Soft & Smooth Shampoo (Yellow),Hair Care
FMCG & PERSONAL CARE,Hair Care,N/A,Head & Shoulders Smooth & Silky Shampoo,Hair Care
FMCG & PERSONAL CARE,Hair Care,N/A,Clinic Plus Strong & Long Health Shampoo,Hair Care
FMCG & PERSONAL CARE,Hair Color Black,Ammonia Free,Hair Care,Hair Color Black (Ammonia Free)
FMCG & PERSONAL CARE,Hair Shield Anti Lice Cream Wash,N/A,Hair Care,Hair Shield Anti Lice Cream Wash
FMCG & PERSONAL CARE,Hand Sanitizer / Spray,N/A,Miscellaneous,Hand Sanitizer / Spray
FMCG & PERSONAL CARE,Himcolin Gel,N/A,Cream/Ointment/Gel,Himcolin Gel
FMCG & PERSONAL CARE,Homate Cream,N/A,Cream/Ointment/Gel,Homate Cream
FMCG & PERSONAL CARE,Hydent-K Toothpaste,N/A,Dental Care,Hydent-K Toothpaste
FMCG & PERSONAL CARE,Indulekha Bringha Shampoo,N/A,Hair Care,Indulekha Bringha Shampoo
FMCG & PERSONAL CARE,Joy Skin Fruits Face Wash,N/A,Skincare,Joy Skin Fruits Face Wash
FMCG & PERSONAL CARE,KETOSCORE 6 CREAM,N/A,General,KETOSCORE 6 CREAM
FMCG & PERSONAL CARE,Kaylite Cream,N/A,Cream/Ointment/Gel,Kaylite Cream
FMCG & PERSONAL CARE,KetoFly Ketoconazole Shampoo BP,N/A,Hair Care,KetoFly Ketoconazole Shampoo BP
FMCG & PERSONAL CARE,Ketocip Shampoo,Ketoconazole 2%,Haircare,Ketocip Shampoo (Ketoconazole 2%)
FMCG & PERSONAL CARE,Ketocip Soap,N/A,General,Ketocip Soap
FMCG & PERSONAL CARE,Ketomac Shampoo,N/A,General,Ketomac Shampoo
FMCG & PERSONAL CARE,Kidodent Toothpaste,N/A,Dental Care,Kidodent Toothpaste
FMCG & PERSONAL CARE,Krack Happy Feet Repair Cream,N/A,Cream/Ointment/Gel,Krack Happy Feet Repair Cream
FMCG & PERSONAL CARE,L'Oreal Paris Shampoo,N/A,Hair Care,L'Oreal Paris Shampoo
FMCG & PERSONAL CARE,L'Oreal Paris Total Repair 5 Shampoo,N/A,Hair Care,L'Oreal Paris Total Repair 5 Shampoo
FMCG & PERSONAL CARE,Leeford Mosquito Repellent Spray,N/A,General,Leeford Mosquito Repellent Spray
FMCG & PERSONAL CARE,Lipsy Lip Balm,N/A,Personal Care & Hygiene,Lipsy Lip Balm
FMCG & PERSONAL CARE,Lotion,N/A,Melacare Soft Body Lotion,Lotion
FMCG & PERSONAL CARE,Lotus Herbals Safe Sun Sunscreen,N/A,Skincare,Lotus Herbals Safe Sun Sunscreen
FMCG & PERSONAL CARE,Lotus Herbals Whiteglow Cream/Face Wash,N/A,Skincare,Lotus Herbals Whiteglow Cream/Face Wash
FMCG & PERSONAL CARE,Luliford Cream,N/A,Cream/Ointment/Gel,Luliford Cream
FMCG & PERSONAL CARE,Luliford Lotion,N/A,Lotion/Wash,Luliford Lotion
FMCG & PERSONAL CARE,Lulitec Spray,N/A,General,Lulitec Spray
FMCG & PERSONAL CARE,Lupiscab Lotion,N/A,Lotion/Wash,Lupiscab Lotion
FMCG & PERSONAL CARE,Magnakof Soft Gelatin Capsules,N/A,Cough/Cold,Magnakof Soft Gelatin Capsules
FMCG & PERSONAL CARE,Mahagesic Gel,N/A,Pain Relief Gel/Ointment,Mahagesic Gel
FMCG & PERSONAL CARE,Mahagesic Spray,N/A,General,Mahagesic Spray
FMCG & PERSONAL CARE,Mamaearth Bye Bye Dark Circles Eye Cream,N/A,Skincare & Body Care,Mamaearth Bye Bye Dark Circles Eye Cream
FMCG & PERSONAL CARE,Mamaearth Onion Shampoo,N/A,Hair Care,Mamaearth Onion Shampoo
FMCG & PERSONAL CARE,Mamaearth Shampoo,N/A,General,Mamaearth Shampoo
FMCG & PERSONAL CARE,Mamaearth Vitamin C Daily Glow Sunscreen,N/A,Skincare & Cosmetics,Mamaearth Vitamin C Daily Glow Sunscreen
FMCG & PERSONAL CARE,Manforce Stay Long Gel,N/A,Sexual Wellness,Manforce Stay Long Gel
FMCG & PERSONAL CARE,Manforce Stay Long Spray,N/A,Sexual Wellness,Manforce Stay Long Spray
FMCG & PERSONAL CARE,Mediker Anti-Lice Shampoo,N/A,Hair Care,Mediker Anti-Lice Shampoo
FMCG & PERSONAL CARE,Medisalic Ointment,N/A,Cream/Ointment/Gel,Medisalic Ointment
FMCG & PERSONAL CARE,Megaheal Amorphous Hydrogel,N/A,Cream/Ointment/Gel,Megaheal Amorphous Hydrogel
FMCG & PERSONAL CARE,Meglow Fairness Cream,N/A,Skincare & Cosmetics,Meglow Fairness Cream
FMCG & PERSONAL CARE,Meglow Skin Brightening Cream,N/A,Skin Care,Meglow Skin Brightening Cream
FMCG & PERSONAL CARE,Melacare Soft Cream,N/A,Skincare & Cosmetics,Melacare Soft Cream
FMCG & PERSONAL CARE,Moha Aloe Vera Gel,N/A,Skincare & Cosmetics,Moha Aloe Vera Gel
FMCG & PERSONAL CARE,Momate Lotion,N/A,Lotion/Wash,Momate Lotion
FMCG & PERSONAL CARE,MoonStar Olive Charcoal Mask,N/A,Skincare & Cosmetics,MoonStar Olive Charcoal Mask
FMCG & PERSONAL CARE,Moov Ointment,N/A,Pain Relief Gel/Ointment,Moov Ointment
FMCG & PERSONAL CARE,Moov Spray,N/A,General,Moov Spray
FMCG & PERSONAL CARE,Moringa Powder,N/A,General,Moringa Powder
FMCG & PERSONAL CARE,Mushroom EX Mushroom Powder,N/A,Health Supplements,Mushroom EX Mushroom Powder
FMCG & PERSONAL CARE,Myolaxin-D Diclofenac Spray,N/A,General,Myolaxin-D Diclofenac Spray
FMCG & PERSONAL CARE,NICE Dusting Powder,N/A,General,NICE Dusting Powder
FMCG & PERSONAL CARE,NUFORCE-GM Cream,N/A,Cream/Ointment/Gel,NUFORCE-GM Cream
FMCG & PERSONAL CARE,Nasivion S Saline Nasal Spray,N/A,General,Nasivion S Saline Nasal Spray
FMCG & PERSONAL CARE,Nat Habit Fresh Nutri-Conditioner,N/A,Haircare,Nat Habit Fresh Nutri-Conditioner
FMCG & PERSONAL CARE,Neha Herbal Henna Hair Color,Black,Cosmetics/Hair Care,Neha Herbal Henna Hair Color (Black)
FMCG & PERSONAL CARE,Nimulid Strong Gel,N/A,Pain Relief Gel/Ointment,Nimulid Strong Gel
FMCG & PERSONAL CARE,Nivea Nourishing Lotion Body Milk,N/A,Skincare & Body Care,Nivea Nourishing Lotion Body Milk
FMCG & PERSONAL CARE,Nivea Roll-on,"Fresh Natural, Natural Glow",Deodorants & Perfumes,"Nivea Roll-on (Fresh Natural, Natural Glow)"
FMCG & PERSONAL CARE,Nozesal N/S Sodium Chloride Saline Nasal Spray,N/A,General,Nozesal N/S Sodium Chloride Saline Nasal Spray
FMCG & PERSONAL CARE,Nycil Germ Expert Powder,N/A,Dusting Powder,Nycil Germ Expert Powder
FMCG & PERSONAL CARE,Odomos Mosquito Repellent Cream,N/A,Cream/Ointment/Gel,Odomos Mosquito Repellent Cream
FMCG & PERSONAL CARE,Olivia Herb Bleach,N/A,Personal Care & Hygiene,Olivia Herb Bleach
FMCG & PERSONAL CARE,Omnigel,N/A,Pain Relief Gel/Ointment,Omnigel
FMCG & PERSONAL CARE,Omnigel Spray,N/A,General,Omnigel Spray
FMCG & PERSONAL CARE,Onabel-B Cream,N/A,Cream/Ointment/Gel,Onabel-B Cream
FMCG & PERSONAL CARE,Orasore Dental Gel,N/A,Dental Care,Orasore Dental Gel
FMCG & PERSONAL CARE,Oxylife Natural Radiance 5 Creme Bleach,N/A,Personal Care & Hygiene,Oxylife Natural Radiance 5 Creme Bleach
FMCG & PERSONAL CARE,P-6 Ointment,N/A,Cream/Ointment/Gel,P-6 Ointment
FMCG & PERSONAL CARE,Parasoft Soap,N/A,Soap / Skincare,Parasoft Soap
FMCG & PERSONAL CARE,Park Avenue Voyage Body Spray,N/A,Deodorants & Perfumes,Park Avenue Voyage Body Spray
FMCG & PERSONAL CARE,Pears Face Wash,N/A,Skincare,Pears Face Wash
FMCG & PERSONAL CARE,Permethrin Cream,N/A,General,Permethrin Cream
FMCG & PERSONAL CARE,Permethrin Cream Perlice,N/A,General,Permethrin Cream Perlice
FMCG & PERSONAL CARE,Pilex Forte Ointment,N/A,Cream/Ointment/Gel,Pilex Forte Ointment
FMCG & PERSONAL CARE,Pilorute Cream,N/A,Cream/Ointment/Gel,Pilorute Cream
FMCG & PERSONAL CARE,Pond's Bright Beauty Body Lotion,N/A,Skincare & Body Care,Pond's Bright Beauty Body Lotion
FMCG & PERSONAL CARE,Pond's Face Wash,N/A,General,Pond's Face Wash
FMCG & PERSONAL CARE,Pond's Magic Talc,N/A,Talcum Powder,Pond's Magic Talc
FMCG & PERSONAL CARE,Ponds Bright Beauty Cream,N/A,Skincare & Cosmetics,Ponds Bright Beauty Cream
FMCG & PERSONAL CARE,Ponds Hydra Miracle Cold Cream,N/A,Skincare & Cosmetics,Ponds Hydra Miracle Cold Cream
FMCG & PERSONAL CARE,Ponds Super Light Gel,N/A,Skincare & Cosmetics,Ponds Super Light Gel
FMCG & PERSONAL CARE,PoviFresh Povidone Iodine Powder 5% w/w,N/A,General,PoviFresh Povidone Iodine Powder 5% w/w
FMCG & PERSONAL CARE,Prolix Ointment,N/A,Cream/Ointment/Gel,Prolix Ointment
FMCG & PERSONAL CARE,Quadriderm RF Cream,N/A,Cream/Ointment/Gel,Quadriderm RF Cream
FMCG & PERSONAL CARE,Quik Relif Herbal Spray,N/A,General,Quik Relif Herbal Spray
FMCG & PERSONAL CARE,Rashfree Cream,N/A,Cream/Ointment/Gel,Rashfree Cream
FMCG & PERSONAL CARE,Rejuglow Face Wash,N/A,Skincare & Cosmetics,Rejuglow Face Wash
FMCG & PERSONAL CARE,Rexidin-M Gel,N/A,Cream/Ointment/Gel,Rexidin-M Gel
FMCG & PERSONAL CARE,Ring Guard Cream,N/A,Cream/Ointment/Gel,Ring Guard Cream
FMCG & PERSONAL CARE,Riya Bindas Perfume,N/A,Deodorants & Perfumes,Riya Bindas Perfume
FMCG & PERSONAL CARE,STOLIN Gum Astringent,N/A,Gel/Mouth Paint,STOLIN Gum Astringent
FMCG & PERSONAL CARE,Scrabic Permethrin Lotion,N/A,Lotion,Scrabic Permethrin Lotion
FMCG & PERSONAL CARE,Sensodyne,Fresh Mint/Fresh Gel/Whitening,Dental Care,Sensodyne (Fresh Mint/Fresh Gel/Whitening)
FMCG & PERSONAL CARE,Sensodyne Sensitive Toothbrushes,N/A,Dental Care,Sensodyne Sensitive Toothbrushes
FMCG & PERSONAL CARE,Serastar Cream,N/A,Cream/Ointment/Gel,Serastar Cream
FMCG & PERSONAL CARE,Set Wet Hair Gel,N/A,Haircare,Set Wet Hair Gel
FMCG & PERSONAL CARE,Silverex Ionic Gel,N/A,Cream/Ointment/Gel,Silverex Ionic Gel
FMCG & PERSONAL CARE,Skincare,N/A,Lakme Blush & Glow Face Wash,Skincare
FMCG & PERSONAL CARE,Skincare & Body Care,N/A,Oriental Botanics Aloe Vera Green Tea & Cucumber Night Gel,Skincare & Body Care
FMCG & PERSONAL CARE,Skincare & Body Care,N/A,Oriental Botanics Aloe Vera Green Tea & Cucumber Peel Off Mask,Skincare & Body Care
FMCG & PERSONAL CARE,Skincare & Body Care,N/A,Vaseline Intensive Care Deep Moisture Lotion,Skincare & Body Care
FMCG & PERSONAL CARE,Skinshine Cream,N/A,Cream/Ointment/Gel,Skinshine Cream
FMCG & PERSONAL CARE,Soframycin Skin Cream,N/A,Cream/Ointment/Gel,Soframycin Skin Cream
FMCG & PERSONAL CARE,Soft Soles Cream,N/A,Cream/Ointment/Gel,Soft Soles Cream
FMCG & PERSONAL CARE,Softovac Bowel Regulator,N/A,Oral Powder,Softovac Bowel Regulator
FMCG & PERSONAL CARE,St. Botanica Go Smooth Shampoo,N/A,Hair Care,St. Botanica Go Smooth Shampoo
FMCG & PERSONAL CARE,St. Ives Pimple Clear Face Wash,N/A,Skincare & Cosmetics,St. Ives Pimple Clear Face Wash
FMCG & PERSONAL CARE,Streax Cream Hair Colour,Natural Black,Hair Care,Streax Cream Hair Colour (Natural Black)
FMCG & PERSONAL CARE,Streax Insta Shampoo Hair Colour,Natural Black/Brown,Cosmetics/Hair Care,Streax Insta Shampoo Hair Colour (Natural Black/Brown)
FMCG & PERSONAL CARE,Sumo Pain Relief Gel,N/A,Pain Relief Gel/Ointment,Sumo Pain Relief Gel
FMCG & PERSONAL CARE,Sumo Spray,N/A,General,Sumo Spray
FMCG & PERSONAL CARE,Sunny Hair Color,Dark Brown,Hair Care,Sunny Hair Color (Dark Brown)
FMCG & PERSONAL CARE,Sunny Hair Color Black,N/A,General,Sunny Hair Color Black
FMCG & PERSONAL CARE,Sunny Hair Color Dark Brown,N/A,General,Sunny Hair Color Dark Brown
FMCG & PERSONAL CARE,Sunsilk Shampoo,N/A,Hair Care,Sunsilk Shampoo
FMCG & PERSONAL CARE,Systaflam Gel,N/A,Pain Relief Gel/Ointment,Systaflam Gel
FMCG & PERSONAL CARE,T-Bact Ointment,N/A,Cream/Ointment/Gel,T-Bact Ointment
FMCG & PERSONAL CARE,TRESemme Keratin Smooth Shampoo,N/A,Hair Care,TRESemme Keratin Smooth Shampoo
FMCG & PERSONAL CARE,Terabet Cream,N/A,Cream/Ointment/Gel,Terabet Cream
FMCG & PERSONAL CARE,Terbinaforce Cream,N/A,Cream/Ointment/Gel,Terbinaforce Cream
FMCG & PERSONAL CARE,Thrombophob Gel,N/A,Cream/Ointment/Gel,Thrombophob Gel
FMCG & PERSONAL CARE,Tresemme Shampoo,N/A,Hair Care,Tresemme Shampoo
FMCG & PERSONAL CARE,Tretin-0.025% Cream,N/A,Cream/Ointment/Gel,Tretin-0.025% Cream
FMCG & PERSONAL CARE,Tretin-0.05% Cream,N/A,Cream/Ointment/Gel,Tretin-0.05% Cream
FMCG & PERSONAL CARE,Ustraa Hair Conditioner,N/A,Hair Care,Ustraa Hair Conditioner
FMCG & PERSONAL CARE,VWash Plus,N/A,Lotion/Wash,VWash Plus
FMCG & PERSONAL CARE,Valbet Cream,N/A,Cream/Ointment/Gel,Valbet Cream
FMCG & PERSONAL CARE,Vaseline,N/A,General,Vaseline
FMCG & PERSONAL CARE,Vaseline Petroleum Jelly,N/A,Skin Care,Vaseline Petroleum Jelly
FMCG & PERSONAL CARE,Vicco Turmeric Skin Cream,N/A,Skin Care,Vicco Turmeric Skin Cream
FMCG & PERSONAL CARE,Vini Wild Body Spray,N/A,Deodorants & Perfumes,Vini Wild Body Spray
FMCG & PERSONAL CARE,Volini Pain Relief Gel,N/A,Pain Relief Gel/Ointment,Volini Pain Relief Gel
FMCG & PERSONAL CARE,Volini Spray,N/A,General,Volini Spray
FMCG & PERSONAL CARE,Volitra Plus Gel,N/A,Pain Relief Gel/Ointment,Volitra Plus Gel
FMCG & PERSONAL CARE,White Tone Face Powder,N/A,Skincare & Cosmetics,White Tone Face Powder
FMCG & PERSONAL CARE,WinClob / KT 6 Ointment,N/A,Cream/Ointment/Gel,WinClob / KT 6 Ointment
FMCG & PERSONAL CARE,Zalim Lotion,N/A,Lotion,Zalim Lotion
FMCG & PERSONAL CARE,Zytee RB Gel,N/A,Gel/Mouth Paint,Zytee RB Gel
FMCG & PERSONAL CARE,Zytee-L Gel,N/A,Cream/Ointment/Gel,Zytee-L Gel
==== FOOD & BEVERAGES STARTS HERE ====,,,,
FOOD & BEVERAGES,Cadbury Dairy Milk Chocolate,N/A,Confectionery,Cadbury Dairy Milk Chocolate
FOOD & BEVERAGES,Confectionery,N/A,Parle Hide & Seek Cookies,Confectionery
FOOD & BEVERAGES,Enerzal Energy Drink,N/A,Electrolytes,Enerzal Energy Drink
FOOD & BEVERAGES,Glucon-D Instant Energy,N/A,General,Glucon-D Instant Energy
FOOD & BEVERAGES,Nestle KitKat Chocolate,N/A,Confectionery,Nestle KitKat Chocolate
FOOD & BEVERAGES,Nestle Munch Chocolate,N/A,Confectionery,Nestle Munch Chocolate
FOOD & BEVERAGES,Sorbitrate,N/A,General,Sorbitrate
FOOD & BEVERAGES,Wrigley's Orbit Chewing Gum,N/A,Confectionery,Wrigley's Orbit Chewing Gum
==== MEDICINES (General) STARTS HERE ====,,,,
MEDICINES (General),A to Z NS,N/A,General,A to Z NS
MEDICINES (General),AB-Flo,N/A,A,AB-Flo
MEDICINES (General),AB2 Kit,N/A,Gynecological,AB2 Kit
MEDICINES (General),ABphylline SR-200,N/A,A,ABphylline SR-200
MEDICINES (General),ACILOC-150,N/A,A,ACILOC-150
MEDICINES (General),ACILOC-300,N/A,A,ACILOC-300
MEDICINES (General),ACILOC-RD,N/A,A,ACILOC-RD
MEDICINES (General),ACIVIR-200 DT,N/A,A,ACIVIR-200 DT
MEDICINES (General),ACIVIR-400 DT,N/A,A,ACIVIR-400 DT
MEDICINES (General),ACIVIR-800 DT,N/A,A,ACIVIR-800 DT
MEDICINES (General),AF-150,N/A,A,AF-150
MEDICINES (General),AKT-2,N/A,A,AKT-2
MEDICINES (General),AKT-3,N/A,A,AKT-3
MEDICINES (General),AKT-4,N/A,A,AKT-4
MEDICINES (General),AL-SHAMS Eye Drops,N/A,Eye/Ear Drops,AL-SHAMS Eye Drops
MEDICINES (General),ALORTI-10,N/A,A,ALORTI-10
MEDICINES (General),ALTHROCIN-250,N/A,A,ALTHROCIN-250
MEDICINES (General),ALTHROCIN-500,N/A,A,ALTHROCIN-500
MEDICINES (General),AMLODEP AT,N/A,A,AMLODEP AT
MEDICINES (General),AMLOKIND-2.5,N/A,A,AMLOKIND-2.5
MEDICINES (General),AMLOKIND-5,N/A,A,AMLOKIND-5
MEDICINES (General),AMLOKIND-AT,N/A,A,AMLOKIND-AT
MEDICINES (General),AMLOPRES-10,N/A,A,AMLOPRES-10
MEDICINES (General),AMLOPRES-5,N/A,A,AMLOPRES-5
MEDICINES (General),AMLOPRES-AT,N/A,A,AMLOPRES-AT
MEDICINES (General),ANAFORTAN,N/A,A,ANAFORTAN
MEDICINES (General),ANTIFLU 75mg,N/A,A,ANTIFLU 75mg
MEDICINES (General),ARGIPREG Sachet,N/A,A,ARGIPREG Sachet
MEDICINES (General),ARIWAYS,N/A,A,ARIWAYS
MEDICINES (General),ARKAMIN,N/A,A,ARKAMIN
MEDICINES (General),AUGMENTIN,All,A,AUGMENTIN (All)
MEDICINES (General),AZEE-250,N/A,A,AZEE-250
MEDICINES (General),AZEE-500,N/A,A,AZEE-500
MEDICINES (General),AZITHRAL-250,N/A,A,AZITHRAL-250
MEDICINES (General),AZITHRAL-500,N/A,A,AZITHRAL-500
MEDICINES (General),Acebrokind-M,N/A,General,Acebrokind-M
MEDICINES (General),Acemiz PLUS,N/A,Pain Relief,Acemiz PLUS
MEDICINES (General),Acerose-SP,N/A,General,Acerose-SP
MEDICINES (General),Acne Star,N/A,General,Acne Star
MEDICINES (General),Acnetoin-20,N/A,General,Acnetoin-20
MEDICINES (General),Actifresh,N/A,General,Actifresh
MEDICINES (General),Akurit-3,N/A,A,Akurit-3
MEDICINES (General),Akurit-4,N/A,A,Akurit-4
MEDICINES (General),Alcinac-MR,N/A,Pain Relief/Muscle Relaxant,Alcinac-MR
MEDICINES (General),Aldactone,All,A,Aldactone (All)
MEDICINES (General),Alerfix Total,N/A,A,Alerfix Total
MEDICINES (General),Alerid,N/A,A,Alerid
MEDICINES (General),Alex,N/A,A,Alex
MEDICINES (General),Alfuzosin 10,N/A,General,Alfuzosin 10
MEDICINES (General),Alite,N/A,General,Alite
MEDICINES (General),Allegra,All,A,Allegra (All)
MEDICINES (General),Alprax,All,A,Alprax (All)
MEDICINES (General),Altiva 180,N/A,General,Altiva 180
MEDICINES (General),Amaryl M2/M1,N/A,A,Amaryl M2/M1
MEDICINES (General),Amlong 2.5/5/10,N/A,A,Amlong 2.5/5/10
MEDICINES (General),Amlovas 5/MS/50,N/A,A,Amlovas 5/MS/50
MEDICINES (General),Amoxyclav 625,N/A,General,Amoxyclav 625
MEDICINES (General),Amrutanjan Cold Balm,N/A,Pain Relief & Balms,Amrutanjan Cold Balm
MEDICINES (General),Amrutanjan Roll-On / Pen Balm,N/A,Pain Relief,Amrutanjan Roll-On / Pen Balm
MEDICINES (General),Amrutanjan Strong Pain Balm,N/A,Pain Relief & Balms,Amrutanjan Strong Pain Balm
MEDICINES (General),Amrutanjan Strong Pain Balm,N/A,Pain Relief,Amrutanjan Strong Pain Balm
MEDICINES (General),Amrutanjan Yellow Pain Balm,N/A,Pain Relief & Balms,Amrutanjan Yellow Pain Balm
MEDICINES (General),Amtas-M-25/5/M-50,N/A,A,Amtas-M-25/5/M-50
MEDICINES (General),Antacid,N/A,Ranitidine Hydrochloride Tablets IP,Antacid
MEDICINES (General),Antacid,N/A,Esotreat 40 Tablet,Antacid
MEDICINES (General),Antacid/Anti-reflux,N/A,Glasco-DSR (Rabeprazole Sodium & Domperidone),Antacid/Anti-reflux
MEDICINES (General),Antibiotic,N/A,Cefix-O Tablets,Antibiotic
MEDICINES (General),Anxit,All,A,Anxit (All)
MEDICINES (General),Apple Cider Vinegar,N/A,Health & Supplements,Apple Cider Vinegar
MEDICINES (General),Apxban 2.5,Apixaban,Blood Thinner,Apxban 2.5 (Apixaban)
MEDICINES (General),Aquasol A Capsules,N/A,Supplement/Capsules,Aquasol A Capsules
MEDICINES (General),Aquazide 12.5,N/A,A,Aquazide 12.5
MEDICINES (General),Arbitel,All,A,Arbitel (All)
MEDICINES (General),Argiprime Sachet,N/A,A,Argiprime Sachet
MEDICINES (General),Aristozyme Cap,N/A,A,Aristozyme Cap
MEDICINES (General),Astaberry Ikin Hair Product,N/A,Hair Care,Astaberry Ikin Hair Product
MEDICINES (General),Asthalin Inhaler,100 mcg,Respiratory/Asthma,Asthalin Inhaler (100 mcg)
MEDICINES (General),Asthalin Inhaler,N/A,General,Asthalin Inhaler
MEDICINES (General),Asthalin Rotacaps,200 mcg,Respiratory/Asthma,Asthalin Rotacaps (200 mcg)
MEDICINES (General),Asthalin-4,N/A,A,Asthalin-4
MEDICINES (General),Atarax Drops,N/A,Drops,Atarax Drops
MEDICINES (General),Atarax-10,N/A,A,Atarax-10
MEDICINES (General),Atarax-25,N/A,A,Atarax-25
MEDICINES (General),Aten,All,A,Aten (All)
MEDICINES (General),Atorlip,All,A,Atorlip (All)
MEDICINES (General),Avil,N/A,A,Avil
MEDICINES (General),Avomine,N/A,A,Avomine
MEDICINES (General),Axe Dark Temptation,N/A,General,Axe Dark Temptation
MEDICINES (General),Ayur Herbals Astringent,N/A,Skincare & Cosmetics,Ayur Herbals Astringent
MEDICINES (General),Ayur Herbals Skin Toner,N/A,Skincare & Cosmetics,Ayur Herbals Skin Toner
MEDICINES (General),Azi-Cobee 500,N/A,Antibiotic,Azi-Cobee 500
MEDICINES (General),Azilide 500,N/A,A,Azilide 500
MEDICINES (General),B-TEX Ointment,N/A,Ointment,B-TEX Ointment
MEDICINES (General),BARALGAN,N/A,B,BARALGAN
MEDICINES (General),BEPLEX FORTE,N/A,General,BEPLEX FORTE
MEDICINES (General),BEVON,N/A,B,BEVON
MEDICINES (General),BIFILAC,N/A,B,BIFILAC
MEDICINES (General),BIFILAC Sachet,N/A,B,BIFILAC Sachet
MEDICINES (General),BIFILAC-HP,N/A,B,BIFILAC-HP
MEDICINES (General),BILAFORD-M,N/A,General,BILAFORD-M
MEDICINES (General),BILANOL-M,N/A,General,BILANOL-M
MEDICINES (General),BILASAN M,N/A,General,BILASAN M
MEDICINES (General),BIO-D3 MAX,N/A,B,BIO-D3 MAX
MEDICINES (General),BRAKKE,N/A,B,BRAKKE
MEDICINES (General),Bajaj Almond Drops Hair Oil,N/A,Hair Care,Bajaj Almond Drops Hair Oil
MEDICINES (General),Bajaj Almond Drops Non Sticky Hair Oil,N/A,Hair Care,Bajaj Almond Drops Non Sticky Hair Oil
MEDICINES (General),Bajaj Almond Drops Non Sticky Hair Oil,N/A,General,Bajaj Almond Drops Non Sticky Hair Oil
MEDICINES (General),Becadexamin,N/A,Supplement/Capsules,Becadexamin
MEDICINES (General),Becozinc,N/A,General,Becozinc
MEDICINES (General),Becozym C,N/A,General,Becozym C
MEDICINES (General),Benadon Tab,N/A,B,Benadon Tab
MEDICINES (General),Benocide Forte,N/A,B,Benocide Forte
MEDICINES (General),Benz Pearl Cap,N/A,B,Benz Pearl Cap
MEDICINES (General),Betacap 20/40,N/A,B,Betacap 20/40
MEDICINES (General),Betnesol,N/A,B,Betnesol
MEDICINES (General),Bifilac,N/A,Probiotic,Bifilac
MEDICINES (General),Bilabless M,N/A,General,Bilabless M
MEDICINES (General),Bilast-20,N/A,B,Bilast-20
MEDICINES (General),Bio-D3 Strong,N/A,D,Bio-D3 Strong
MEDICINES (General),Bio-Oil Skincare Oil,N/A,Skincare & Cosmetics,Bio-Oil Skincare Oil
MEDICINES (General),Biotin,Tinfal,General,Biotin (Tinfal)
MEDICINES (General),Blong,N/A,B,Blong
MEDICINES (General),Blood Thinner,N/A,Avaxiban Tablets,Blood Thinner
MEDICINES (General),BoroPlus,N/A,General,BoroPlus
MEDICINES (General),Budamate 100 Transcaps,N/A,Respiratory/Asthma,Budamate 100 Transcaps
MEDICINES (General),Budecort Respules 0.5 mg,Cipla,Respules / Inhalation,Budecort Respules 0.5 mg (Cipla)
MEDICINES (General),Budetrol 200 Inhaler,N/A,Respiratory/Asthma,Budetrol 200 Inhaler
MEDICINES (General),Buscogast Plus,N/A,B,Buscogast Plus
MEDICINES (General),CABGOLIN 0.25/0.5,N/A,C,CABGOLIN 0.25/0.5
MEDICINES (General),CALCITAS-D3,N/A,General,CALCITAS-D3
MEDICINES (General),"CALCITAS-D3 Capsules 60,000 IU",N/A,General,"CALCITAS-D3 Capsules 60,000 IU"
MEDICINES (General),"CALCITAS-D3 Granules 60,000 IU",N/A,General,"CALCITAS-D3 Granules 60,000 IU"
MEDICINES (General),CEFAKIND,N/A,C,CEFAKIND
MEDICINES (General),CEFASYN 500,N/A,General,CEFASYN 500
MEDICINES (General),CEFTUM 500,N/A,General,CEFTUM 500
MEDICINES (General),CEPOCEF-200,N/A,General,CEPOCEF-200
MEDICINES (General),CILACAR-M 10/50,All,C,CILACAR-M 10/50 (All)
MEDICINES (General),CIPLAR-10,N/A,C,CIPLAR-10
MEDICINES (General),CIPLAR-LA-20,N/A,C,CIPLAR-LA-20
MEDICINES (General),CIPLAR-LA-40,N/A,C,CIPLAR-LA-40
MEDICINES (General),CIPLOX-OZ,N/A,C,CIPLOX-OZ
MEDICINES (General),CIPLOX-TZ,N/A,C,CIPLOX-TZ
MEDICINES (General),CLAVAM,N/A,C,CLAVAM
MEDICINES (General),CLOBA-10,N/A,C,CLOBA-10
MEDICINES (General),CLOBA-5,N/A,C,CLOBA-5
MEDICINES (General),CLONAFIT,All,C,CLONAFIT (All)
MEDICINES (General),COBADex-CZS,N/A,C,COBADex-CZS
MEDICINES (General),COMBUTOL,N/A,C,COMBUTOL
MEDICINES (General),CONCOR AM 5/2.5,N/A,C,CONCOR AM 5/2.5
MEDICINES (General),CYCLOPAM,N/A,C,CYCLOPAM
MEDICINES (General),CYPRO,N/A,General,CYPRO
MEDICINES (General),CYRA-D,N/A,C,CYRA-D
MEDICINES (General),CYRA-IT,N/A,C,CYRA-IT
MEDICINES (General),CalShine P Drops,N/A,Drops,CalShine P Drops
MEDICINES (General),Calcirol Sachet,N/A,C,Calcirol Sachet
MEDICINES (General),Calpol Paediatric Drops,N/A,Drops,Calpol Paediatric Drops
MEDICINES (General),Candibiotic Plus Ear Drops,N/A,Drops/Ointment,Candibiotic Plus Ear Drops
MEDICINES (General),Candid-V6/V3/CL,N/A,C,Candid-V6/V3/CL
MEDICINES (General),Cardivas 3.125,N/A,C,Cardivas 3.125
MEDICINES (General),Care-Q10 Forte,N/A,General,Care-Q10 Forte
MEDICINES (General),Cartimark Forte,N/A,General,Cartimark Forte
MEDICINES (General),Castor Oil / Miscellaneous Hair Oils,N/A,Hair Care/Oils,Castor Oil / Miscellaneous Hair Oils
MEDICINES (General),Cefix-100,N/A,Antibiotic,Cefix-100
MEDICINES (General),Cefix-100 Cefixime Tablets IP,N/A,General,Cefix-100 Cefixime Tablets IP
MEDICINES (General),Cefix-200,N/A,Antibiotic,Cefix-200
MEDICINES (General),Ceflox-D Eye/Ear Drops,N/A,Medicines & Drops,Ceflox-D Eye/Ear Drops
MEDICINES (General),Ceftum,All,C,Ceftum (All)
MEDICINES (General),Cephadex,Cephalexin IP,Antibiotic,Cephadex (Cephalexin IP)
MEDICINES (General),Cetaphil Gentle Skin Cleanser,N/A,Skincare & Cosmetics,Cetaphil Gentle Skin Cleanser
MEDICINES (General),Cetaphil Oily Skin Cleanser,N/A,Skincare & Cosmetics,Cetaphil Oily Skin Cleanser
MEDICINES (General),Cetrilax,N/A,General,Cetrilax
MEDICINES (General),Cheri Cap,N/A,C,Cheri Cap
MEDICINES (General),Ciplactin,N/A,C,Ciplactin
MEDICINES (General),Ciplox Eye/Ear Drops,N/A,Drops/Ointment,Ciplox Eye/Ear Drops
MEDICINES (General),Ciplox-D Eye/Ear Drops,N/A,Drops/Ointment,Ciplox-D Eye/Ear Drops
MEDICINES (General),Ciplox-TZ,N/A,General,Ciplox-TZ
MEDICINES (General),Classic,N/A,General,Classic
MEDICINES (General),Clear Anti-Dandruff Hair Oil,N/A,General,Clear Anti-Dandruff Hair Oil
MEDICINES (General),Clearwax Ear Drops,N/A,Medicines & Drops,Clearwax Ear Drops
MEDICINES (General),Clonotril 0.25,N/A,C,Clonotril 0.25
MEDICINES (General),Clorash GM,N/A,General,Clorash GM
MEDICINES (General),Clove Oil,N/A,Oral Care,Clove Oil
MEDICINES (General),Clovefix Clove Bud Oil,N/A,Oral Care,Clovefix Clove Bud Oil
MEDICINES (General),Colgate,N/A,General,Colgate
MEDICINES (General),Colgate Active Salt,N/A,Dental Care,Colgate Active Salt
MEDICINES (General),Colgate MaxFresh,N/A,Dental Care,Colgate MaxFresh
MEDICINES (General),Colgate Strong Teeth,N/A,Dental Care,Colgate Strong Teeth
MEDICINES (General),Colgate Vedshakti,N/A,Dental Care,Colgate Vedshakti
MEDICINES (General),Colimex Drops,N/A,Drops,Colimex Drops
MEDICINES (General),Cotaryl,N/A,General,Cotaryl
MEDICINES (General),Cremaffin,N/A,C,Cremaffin
MEDICINES (General),Crocin Drops Paediatric,N/A,General,Crocin Drops Paediatric
MEDICINES (General),Cypon Drops,N/A,Drops,Cypon Drops
MEDICINES (General),Cyra-LS,N/A,C,Cyra-LS
MEDICINES (General),D3 MUST Drops,N/A,Drops,D3 MUST Drops
MEDICINES (General),DAPAVEL TRIO,N/A,D,DAPAVEL TRIO
MEDICINES (General),DAXID-50,N/A,D,DAXID-50
MEDICINES (General),DEFCORT-6,N/A,D,DEFCORT-6
MEDICINES (General),DEPIN 5,N/A,D,DEPIN 5
MEDICINES (General),DERIPHYLLIN-150,All,D,DERIPHYLLIN-150 (All)
MEDICINES (General),DEXORANGE Capsules,N/A,Supplement/Capsules,DEXORANGE Capsules
MEDICINES (General),DEZLORID 10,N/A,D,DEZLORID 10
MEDICINES (General),DIAMOX,N/A,D,DIAMOX
MEDICINES (General),DICLOMOL,N/A,D,DICLOMOL
MEDICINES (General),DISPRIN,N/A,General,DISPRIN
MEDICINES (General),DIZONE,N/A,D,DIZONE
MEDICINES (General),DOXINATE,All,D,DOXINATE (All)
MEDICINES (General),DOXY-1 LDR Forte,N/A,D,DOXY-1 LDR Forte
MEDICINES (General),DROT-T,N/A,D,DROT-T
MEDICINES (General),DROTIN-DS,N/A,D,DROTIN-DS
MEDICINES (General),DROTIN-M,N/A,D,DROTIN-M
MEDICINES (General),DUOLUTON-L,N/A,D,DUOLUTON-L
MEDICINES (General),DUPHASTON,N/A,D,DUPHASTON
MEDICINES (General),DUZELA-30,N/A,D,DUZELA-30
MEDICINES (General),DYNAGLIPT-20,N/A,D,DYNAGLIPT-20
MEDICINES (General),DYTOR-5/20/40/10,N/A,D,DYTOR-5/20/40/10
MEDICINES (General),DYTOR-PLUS-10/5,N/A,D,DYTOR-PLUS-10/5
MEDICINES (General),Da Zeagra,N/A,Erectile Dysfunction,Da Zeagra
MEDICINES (General),Dairy Milk,N/A,General,Dairy Milk
MEDICINES (General),Darolac,N/A,D,Darolac
MEDICINES (General),Decdan 0.5,N/A,D,Decdan 0.5
MEDICINES (General),Deflon-500,N/A,D,Deflon-500
MEDICINES (General),Dental Care,N/A,Sensodyne Repair & Protect,Dental Care
MEDICINES (General),Dermafique,N/A,General,Dermafique
MEDICINES (General),Dermina Vitamin C Serum,N/A,Skincare & Cosmetics,Dermina Vitamin C Serum
MEDICINES (General),Dettol,N/A,General,Dettol
MEDICINES (General),Dexona,N/A,D,Dexona
MEDICINES (General),Diamond Eye Drops,N/A,Eye/Ear Drops,Diamond Eye Drops
MEDICINES (General),Diapride,All,D,Diapride (All)
MEDICINES (General),Diapride-2,N/A,General,Diapride-2
MEDICINES (General),Dolcheal 300,N/A,Pain Relief,Dolcheal 300
MEDICINES (General),Dolo Drops,N/A,Drops,Dolo Drops
MEDICINES (General),DoloPar-650,N/A,D,DoloPar-650
MEDICINES (General),Domstal DT,N/A,D,Domstal DT
MEDICINES (General),Double Power Chyawanprash/Supplement,N/A,Health & Supplements,Double Power Chyawanprash/Supplement
MEDICINES (General),Doxolin 200/400,N/A,D,Doxolin 200/400
MEDICINES (General),Doxycycline and Lactic Acid Bacillus,N/A,General,Doxycycline and Lactic Acid Bacillus
MEDICINES (General),Dr. Morepen Gluco One Blood Glucose Monitoring System,BG-03,Medical Devices,Dr. Morepen Gluco One Blood Glucose Monitoring System (BG-03)
MEDICINES (General),Dr. Rashel Vitamin C Nose Pore Strips,N/A,Skin Care,Dr. Rashel Vitamin C Nose Pore Strips
MEDICINES (General),Drops,N/A,Z & D Drops,Drops
MEDICINES (General),Drops/Ointment,N/A,Ophtha Care Eye Drops,Drops/Ointment
MEDICINES (General),Droxyl-500,N/A,D,Droxyl-500
MEDICINES (General),Dubbo 6,N/A,D,Dubbo 6
MEDICINES (General),Dulcoflex,N/A,D,Dulcoflex
MEDICINES (General),Duolin 3 Respules,Cipla,Respules / Inhalation,Duolin 3 Respules (Cipla)
MEDICINES (General),Duracell,N/A,General,Duracell
MEDICINES (General),Dutasteride 0.5,N/A,General,Dutasteride 0.5
MEDICINES (General),Duvadilan 10mg,N/A,D,Duvadilan 10mg
MEDICINES (General),EBAST-20/M,N/A,E,EBAST-20/M
MEDICINES (General),ECONORM Sachet/Cap,N/A,E,ECONORM Sachet/Cap
MEDICINES (General),ENVAS,N/A,E,ENVAS
MEDICINES (General),ERITEL LN 40,N/A,E,ERITEL LN 40
MEDICINES (General),ESGIPYRIN,N/A,E,ESGIPYRIN
MEDICINES (General),ESLO-5/2.5,N/A,E,ESLO-5/2.5
MEDICINES (General),EVION,N/A,E,EVION
MEDICINES (General),Earwel Ear Drops,N/A,Eye/Ear Drops,Earwel Ear Drops
MEDICINES (General),Easibreathe,N/A,General,Easibreathe
MEDICINES (General),Ecosprin,All,E,Ecosprin (All)
MEDICINES (General),Electral,N/A,General,Electral
MEDICINES (General),Electral ORS,N/A,Electrolytes,Electral ORS
MEDICINES (General),Embeta XR-25,N/A,E,Embeta XR-25
MEDICINES (General),Emergency Contraceptive,N/A,Ignore 72 Tablet (Levonorgestrel),Emergency Contraceptive
MEDICINES (General),Emergency Contraceptive,N/A,Unwanted-72 Tablet,Emergency Contraceptive
MEDICINES (General),Emergency Contraceptive,N/A,i-pill Tablet,Emergency Contraceptive
MEDICINES (General),Emeset 4/8,N/A,E,Emeset 4/8
MEDICINES (General),Encogerm,N/A,Probiotic,Encogerm
MEDICINES (General),Encorate Chrono 200/300,N/A,E,Encorate Chrono 200/300
MEDICINES (General),Eno,N/A,General,Eno
MEDICINES (General),Enterogermina,N/A,Probiotic,Enterogermina
MEDICINES (General),Entro-A-Germ,N/A,Probiotic,Entro-A-Germ
MEDICINES (General),Enzar Forte,N/A,E,Enzar Forte
MEDICINES (General),Enzoflam,N/A,E,Enzoflam
MEDICINES (General),Enzyme/Anti-inflammatory,N/A,Chymoral Forte / Trypsin & Chymotrypsin Tablets,Enzyme/Anti-inflammatory
MEDICINES (General),Etizola-0.5,N/A,E,Etizola-0.5
MEDICINES (General),Etoshine,N/A,E,Etoshine
MEDICINES (General),Eurepa-0.5,N/A,E,Eurepa-0.5
MEDICINES (General),Everfresh Tears,N/A,Eye/Ear Drops,Everfresh Tears
MEDICINES (General),Eye/Ear Drops,N/A,Hyalcare Sodium Hyaluronate Eye Drops,Eye/Ear Drops
MEDICINES (General),FAA,20,F,FAA (20)
MEDICINES (General),FEBUTEC 40,N/A,General,FEBUTEC 40
MEDICINES (General),FEBUTEC 80,N/A,General,FEBUTEC 80
MEDICINES (General),FIOZEN,N/A,F,FIOZEN
MEDICINES (General),FLEXON-All,N/A,F,FLEXON-All
MEDICINES (General),FLEXURA-D,N/A,F,FLEXURA-D
MEDICINES (General),FLUDAC-10,N/A,F,FLUDAC-10
MEDICINES (General),FLUDAC-20,N/A,F,FLUDAC-20
MEDICINES (General),FML Liquifilm Eye Drops,N/A,Drops/Ointment,FML Liquifilm Eye Drops
MEDICINES (General),FOLITAS,N/A,General,FOLITAS
MEDICINES (General),FOLVIT,N/A,F,FOLVIT
MEDICINES (General),Famocid-All,N/A,F,Famocid-All
MEDICINES (General),Febutaz-40,N/A,F,Febutaz-40
MEDICINES (General),Fericip XT,N/A,General,Fericip XT
MEDICINES (General),Ferivate-XT,N/A,General,Ferivate-XT
MEDICINES (General),Feroz-300,N/A,General,Feroz-300
MEDICINES (General),Feroz-300,N/A,Supplement/Tablets,Feroz-300
MEDICINES (General),Ferrogen-XT,N/A,General,Ferrogen-XT
MEDICINES (General),Festive-D Eye/Ear Drops,N/A,Medicines & Drops,Festive-D Eye/Ear Drops
MEDICINES (General),Fibator,N/A,F,Fibator
MEDICINES (General),Flagyl,All,F,Flagyl (All)
MEDICINES (General),Flamingo Abdominal Belt,N/A,Orthopedic & Supports,Flamingo Abdominal Belt
MEDICINES (General),Flamingo Knee Cap,N/A,Orthopedic & Supports,Flamingo Knee Cap
MEDICINES (General),Flamingo Knee Support Hinged,N/A,Orthopedic & Supports,Flamingo Knee Support Hinged
MEDICINES (General),Flamingo Lumbar Sacro Belt,N/A,Orthopedic & Supports,Flamingo Lumbar Sacro Belt
MEDICINES (General),Flavidon-MR,N/A,F,Flavidon-MR
MEDICINES (General),Fogg,N/A,General,Fogg
MEDICINES (General),Folitrax 10,N/A,F,Folitrax 10
MEDICINES (General),Foracort 200 Inhaler,N/A,Respiratory/Asthma,Foracort 200 Inhaler
MEDICINES (General),Foracort Rotacaps 200,N/A,Respiratory/Asthma,Foracort Rotacaps 200
MEDICINES (General),Foracort Rotacaps 400,N/A,Respiratory/Asthma,Foracort Rotacaps 400
MEDICINES (General),Forcan-150,N/A,F,Forcan-150
MEDICINES (General),GABAPIN,All,G,GABAPIN (All)
MEDICINES (General),GEMCAL,N/A,G,GEMCAL
MEDICINES (General),GEMER 1,N/A,G,GEMER 1
MEDICINES (General),GEMER FORTE-2,N/A,G,GEMER FORTE-2
MEDICINES (General),GLIMISAVE MV2/MV 3.3,N/A,G,GLIMISAVE MV2/MV 3.3
MEDICINES (General),GLPTAGREAT M 500,N/A,G,GLPTAGREAT M 500
MEDICINES (General),GLUCOZONE-CG,N/A,General,GLUCOZONE-CG
MEDICINES (General),GLYCIPHAGE 500,N/A,General,GLYCIPHAGE 500
MEDICINES (General),GLYCIPHAGE SR-All,N/A,G,GLYCIPHAGE SR-All
MEDICINES (General),GLYKIND-M,N/A,G,GLYKIND-M
MEDICINES (General),GOLDCAL-MAX,N/A,G,GOLDCAL-MAX
MEDICINES (General),GUDCEF PLUS 200,N/A,G,GUDCEF PLUS 200
MEDICINES (General),GUDCEF-CV 200,N/A,G,GUDCEF-CV 200
MEDICINES (General),Gabaclix-M,N/A,General,Gabaclix-M
MEDICINES (General),Gabanyl-NT 100,N/A,General,Gabanyl-NT 100
MEDICINES (General),Gatiquin-P Eye Drops,N/A,Drops/Ointment,Gatiquin-P Eye Drops
MEDICINES (General),Gem K 7,N/A,General,Gem K 7
MEDICINES (General),Gemer P1/P2,N/A,G,Gemer P1/P2
MEDICINES (General),Gemkem K2-7,N/A,General,Gemkem K2-7
MEDICINES (General),Gemsoline,N/A,General,Gemsoline
MEDICINES (General),Glasco Capsules,N/A,General,Glasco Capsules
MEDICINES (General),Glimestar M2/1/MV2/PM2,N/A,G,Glimestar M2/1/MV2/PM2
MEDICINES (General),Glucon-D,Nimbu Pani,General,Glucon-D (Nimbu Pani)
MEDICINES (General),Glucon-D,Regular,General,Glucon-D (Regular)
MEDICINES (General),Glucon-D Nimbu Pani,N/A,General,Glucon-D Nimbu Pani
MEDICINES (General),Glucon-D Regular,N/A,General,Glucon-D Regular
MEDICINES (General),Gluconorm SR 500/850/1g,N/A,G,Gluconorm SR 500/850/1g
MEDICINES (General),Glycomet GP-1 /Forte,All,G,Glycomet GP-1 (All)/Forte
MEDICINES (General),Godrej aer power pocket,N/A,Household & Hygiene,Godrej aer power pocket
MEDICINES (General),Godrej aer power pocket,Lemon Tangy Delight,Household,Godrej aer power pocket (Lemon Tangy Delight)
MEDICINES (General),H,N/A,Health Ok Sachet,H
MEDICINES (General),HATRIC-3,N/A,H,HATRIC-3
MEDICINES (General),HCQS,All,H,HCQS (All)
MEDICINES (General),HEADSET,N/A,H,HEADSET
MEDICINES (General),HIQUE-10,N/A,General,HIQUE-10
MEDICINES (General),HISUND3,N/A,General,HISUND3
MEDICINES (General),HOPACE-5,N/A,H,HOPACE-5
MEDICINES (General),Hair Shield Anti Lice Wash,N/A,Hair Care,Hair Shield Anti Lice Wash
MEDICINES (General),Hansaplast,N/A,General,Hansaplast
MEDICINES (General),Hansaplast Washproof Plasters,N/A,General,Hansaplast Washproof Plasters
MEDICINES (General),Hansaplast Washproof Strips,N/A,First Aid,Hansaplast Washproof Strips
MEDICINES (General),Helta rab,N/A,General,Helta rab
MEDICINES (General),Hemostatic Tablet,N/A,Tranofresh 500 Tablet,Hemostatic Tablet
MEDICINES (General),Hetrazan 100,N/A,H,Hetrazan 100
MEDICINES (General),Hicope Drops,N/A,Drops,Hicope Drops
MEDICINES (General),Hit,Black,General,Hit (Black)
MEDICINES (General),Hit,Red,General,Hit (Red)
MEDICINES (General),Homeopathic,N/A,Calcarea phosphorica 6X (SBL),Homeopathic
MEDICINES (General),Homeopathic,N/A,Calcarea phosphorica 6X (Dr. Reckeweg),Homeopathic
MEDICINES (General),Homide Eye Drop,N/A,Drops/Ointment,Homide Eye Drop
MEDICINES (General),Hylo Soft Eye Drops,N/A,Drops/Ointment,Hylo Soft Eye Drops
MEDICINES (General),I-KNOW,N/A,I,I-KNOW
MEDICINES (General),I-PILL,N/A,I,I-PILL
MEDICINES (General),IAL-10,N/A,I,IAL-10
MEDICINES (General),IMOL PLUS,N/A,I,IMOL PLUS
MEDICINES (General),INTIMACY PLUS-2,N/A,I,INTIMACY PLUS-2
MEDICINES (General),ISTAMET,N/A,I,ISTAMET
MEDICINES (General),ISTAVEL 50,N/A,I,ISTAVEL 50
MEDICINES (General),IT-MAC 100,N/A,I,IT-MAC 100
MEDICINES (General),ITONE Eye Drops,N/A,Eye/Ear Drops,ITONE Eye Drops
MEDICINES (General),Ibugesic Plus,N/A,I,Ibugesic Plus
MEDICINES (General),Indulekha Bringha Hair Oil,N/A,Hair Care,Indulekha Bringha Hair Oil
MEDICINES (General),Instant Hand Sanitizer,N/A,Household & Hygiene,Instant Hand Sanitizer
MEDICINES (General),Iodex Ointment,N/A,Pain Relief & Balms,Iodex Ointment
MEDICINES (General),Isotine Eye Drop,N/A,Eye/Ear Drops,Isotine Eye Drop
MEDICINES (General),Istamet 50mg/500mg,N/A,J,Istamet 50mg/500mg
MEDICINES (General),Ivermectin 12,N/A,General,Ivermectin 12
MEDICINES (General),Ivermectin 6,N/A,General,Ivermectin 6
MEDICINES (General),Janumet 500/50,N/A,J,Janumet 500/50
MEDICINES (General),JointWeld K27,N/A,General,JointWeld K27
MEDICINES (General),K-BIND Sachet,N/A,K,K-BIND Sachet
MEDICINES (General),KENACORT 0.1% Buccal Paste,N/A,General,KENACORT 0.1% Buccal Paste
MEDICINES (General),KETROL-DT,N/A,General,KETROL-DT
MEDICINES (General),KETROL-DT,N/A,K,KETROL-DT
MEDICINES (General),KOZICARE,N/A,General,KOZICARE
MEDICINES (General),Kasvol Plus,N/A,K,Kasvol Plus
MEDICINES (General),Ketomac,N/A,General,Ketomac
MEDICINES (General),Ketoscalp,N/A,General,Ketoscalp
MEDICINES (General),Ketoscore CT,N/A,General,Ketoscore CT
MEDICINES (General),KetroJil DT,N/A,General,KetroJil DT
MEDICINES (General),Khatnil,N/A,General,Khatnil
MEDICINES (General),KitKat,N/A,General,KitKat
MEDICINES (General),Kozicare,N/A,General,Kozicare
MEDICINES (General),L-Cin 500,N/A,L,L-Cin 500
MEDICINES (General),LANZOL,All,L,LANZOL (All)
MEDICINES (General),LARIAGO,All,L,LARIAGO (All)
MEDICINES (General),LASIX,N/A,L,LASIX
MEDICINES (General),LCZ 10/5,N/A,L,LCZ 10/5
MEDICINES (General),LECOPE-M,N/A,L,LECOPE-M
MEDICINES (General),LEE DOTT,N/A,General,LEE DOTT
MEDICINES (General),LIPIKIND All,N/A,L,LIPIKIND All
MEDICINES (General),LQuin 500,N/A,Antibiotic,LQuin 500
MEDICINES (General),LYCORIFT,N/A,General,LYCORIFT
MEDICINES (General),Lasilactone-50,N/A,L,Lasilactone-50
MEDICINES (General),Leezole-VG,N/A,General,Leezole-VG
MEDICINES (General),Lesuride Tab,N/A,L,Lesuride Tab
MEDICINES (General),Levera-500,N/A,Anti-epileptic,Levera-500
MEDICINES (General),Levera-500,N/A,L,Levera-500
MEDICINES (General),Levera-750,N/A,L,Levera-750
MEDICINES (General),Levocetirizine,Olcet-L,General,Levocetirizine (Olcet-L)
MEDICINES (General),Levoflox-500,N/A,L,Levoflox-500
MEDICINES (General),Levoflox-750,N/A,L,Levoflox-750
MEDICINES (General),Levolin Respules 0.31 mg,Cipla,Respules / Inhalation,Levolin Respules 0.31 mg (Cipla)
MEDICINES (General),Lifree,N/A,General,Lifree
MEDICINES (General),Lifree All Night Absorb Pants,Size L,Adult Care,Lifree All Night Absorb Pants (Size L)
MEDICINES (General),Lifree All Night Absorb Pants,Size XL,Adult Care,Lifree All Night Absorb Pants (Size XL)
MEDICINES (General),Limcee,N/A,General,Limcee
MEDICINES (General),Linezolid-600,N/A,General,Linezolid-600
MEDICINES (General),Lipvas 20,N/A,General,Lipvas 20
MEDICINES (General),Lipvas 40,N/A,General,Lipvas 40
MEDICINES (General),Liril,N/A,General,Liril
MEDICINES (General),Listerine Mouthwash,Cavity Fighter,Oral Care,Listerine Mouthwash (Cavity Fighter)
MEDICINES (General),Livogen-Z,N/A,L,Livogen-Z
MEDICINES (General),Livon,N/A,General,Livon
MEDICINES (General),Lizoforce-600,N/A,L,Lizoforce-600
MEDICINES (General),Losar 50/25,N/A,L,Losar 50/25
MEDICINES (General),Lotus Herbals Product,N/A,Skincare & Cosmetics,Lotus Herbals Product
MEDICINES (General),Lulimazole-V6,N/A,General,Lulimazole-V6
MEDICINES (General),Lumivab Eye Drops,N/A,Eye/Ear Drops,Lumivab Eye Drops
MEDICINES (General),M2-Tone,N/A,M,M2-Tone
MEDICINES (General),MAHACEF 200/PLUS,N/A,M,MAHACEF 200/PLUS
MEDICINES (General),MECOFOL-PLUS NF,N/A,General,MECOFOL-PLUS NF
MEDICINES (General),MEFKIND FORTE,N/A,M,MEFKIND FORTE
MEDICINES (General),MEFTAL-P/Forte/SPAS/250 DT,N/A,M,MEFTAL-P/Forte/SPAS/250 DT
MEDICINES (General),MEGA PEN-KID,N/A,M,MEGA PEN-KID
MEDICINES (General),MELMET 500,N/A,M,MELMET 500
MEDICINES (General),MET XL 12.5/25,N/A,M,MET XL 12.5/25
MEDICINES (General),METROGYL-1/All,N/A,M,METROGYL-1/All
MEDICINES (General),MINIMAC-QD,N/A,General,MINIMAC-QD
MEDICINES (General),MIRTAZ-15,N/A,M,MIRTAZ-15
MEDICINES (General),MONTEWOK-LC,N/A,General,MONTEWOK-LC
MEDICINES (General),MONTILOPE,N/A,M,MONTILOPE
MEDICINES (General),MONTINA-L,N/A,M,MONTINA-L
MEDICINES (General),MOVICOL SACHET,N/A,M,MOVICOL SACHET
MEDICINES (General),MOX,N/A,M,MOX
MEDICINES (General),MOXIKIND,All,M,MOXIKIND (All)
MEDICINES (General),MUCINAC-600,N/A,M,MUCINAC-600
MEDICINES (General),Macbery Drops,N/A,Drops,Macbery Drops
MEDICINES (General),Macfur-100,N/A,M,Macfur-100
MEDICINES (General),Macsart 20/40,N/A,M,Macsart 20/40
MEDICINES (General),Mahacal D3,N/A,General,Mahacal D3
MEDICINES (General),Mahagesic-TH4 PLUS,N/A,Pain Relief/Muscle Relaxant,Mahagesic-TH4 PLUS
MEDICINES (General),Mahagesic-TH8 PLUS,N/A,Pain Relief/Muscle Relaxant,Mahagesic-TH8 PLUS
MEDICINES (General),Mahazin-AM,N/A,General,Mahazin-AM
MEDICINES (General),Mamaearth,N/A,General,Mamaearth
MEDICINES (General),Mamaearth Onion Hair Oil,N/A,Hair Care,Mamaearth Onion Hair Oil
MEDICINES (General),Margo,N/A,General,Margo
MEDICINES (General),Matilda ER,N/A,M,Matilda ER
MEDICINES (General),Maximizin-625 Duo,N/A,General,Maximizin-625 Duo
MEDICINES (General),Maxirich,N/A,General,Maxirich
MEDICINES (General),Maxtra Drops,N/A,Drops,Maxtra Drops
MEDICINES (General),Mecofol,N/A,General,Mecofol
MEDICINES (General),Mecofol-OD,N/A,General,Mecofol-OD
MEDICINES (General),Mederma,N/A,General,Mederma
MEDICINES (General),Mediker Anti-Lice Treatment,N/A,Hair Care,Mediker Anti-Lice Treatment
MEDICINES (General),Medimix,N/A,General,Medimix
MEDICINES (General),Medrol,All,M,Medrol (All)
MEDICINES (General),Meftal-Spas Drops,N/A,Drops,Meftal-Spas Drops
MEDICINES (General),Metalar-25/XR-25,N/A,M,Metalar-25/XR-25
MEDICINES (General),Metalar-50,N/A,M,Metalar-50
MEDICINES (General),Metformin Hydrochloride,N/A,General,Metformin Hydrochloride
MEDICINES (General),Mezol Eye Drops,N/A,Drops/Ointment,Mezol Eye Drops
MEDICINES (General),Mezorays Multivitamin Men 18+,N/A,Health Supplements,Mezorays Multivitamin Men 18+
MEDICINES (General),Mico PLUS,N/A,General,Mico PLUS
MEDICINES (General),Minolast-FX,N/A,General,Minolast-FX
MEDICINES (General),Misocheck-Kit,N/A,Gynecological,Misocheck-Kit
MEDICINES (General),Misoprost-200,N/A,M,Misoprost-200
MEDICINES (General),Miss Me Tadalafil Tablets LP,N/A,General,Miss Me Tadalafil Tablets LP
MEDICINES (General),Moclox 250,N/A,M,Moclox 250
MEDICINES (General),Monocef-O 200/100,N/A,M,Monocef-O 200/100
MEDICINES (General),Montair FX,N/A,M,Montair FX
MEDICINES (General),Montair-10,N/A,M,Montair-10
MEDICINES (General),Montair-5mg,N/A,M,Montair-5mg
MEDICINES (General),Montair-LC/Kid,N/A,M,Montair-LC/Kid
MEDICINES (General),Montas-FX,N/A,General,Montas-FX
MEDICINES (General),Montas-L,N/A,General,Montas-L
MEDICINES (General),Montek LC,N/A,M,Montek LC
MEDICINES (General),Montikast LC Tablets,N/A,General,Montikast LC Tablets
MEDICINES (General),Mouth Ulcer Treatment,N/A,Orasore Mouth Ulcer Tablet,Mouth Ulcer Treatment
MEDICINES (General),Moxicip,N/A,M,Moxicip
MEDICINES (General),Moxicip D Eye Drops,N/A,Drops/Ointment,Moxicip D Eye Drops
MEDICINES (General),Moxifloxacin Eye Drops IP,N/A,Eye/Ear Drops,Moxifloxacin Eye Drops IP
MEDICINES (General),Moxiford Eye Drops,N/A,Eye/Ear Drops,Moxiford Eye Drops
MEDICINES (General),Moxiford-D Eye Drops,N/A,Eye/Ear Drops,Moxiford-D Eye Drops
MEDICINES (General),Mucend 600,N/A,General,Mucend 600
MEDICINES (General),Mucolite Drops,N/A,Drops,Mucolite Drops
MEDICINES (General),Mugli Ghutti 555,N/A,General,Mugli Ghutti 555
MEDICINES (General),Multani Pachmeena Tonic,N/A,General,Multani Pachmeena Tonic
MEDICINES (General),Mycoderm,N/A,General,Mycoderm
MEDICINES (General),Myreni-150,N/A,Antacid,Myreni-150
MEDICINES (General),NAXDOM,All,N,NAXDOM (All)
MEDICINES (General),NEERI-Tab,N/A,N,NEERI-Tab
MEDICINES (General),NINSAID-P,N/A,N,NINSAID-P
MEDICINES (General),NISE,N/A,N,NISE
MEDICINES (General),NORFLOX,All,N,NORFLOX (All)
MEDICINES (General),NORLUT-N,N/A,General,NORLUT-N
MEDICINES (General),NORMAXIN-RT,N/A,N,NORMAXIN-RT
MEDICINES (General),NOVAMOX,All,N,NOVAMOX (All)
MEDICINES (General),NUCORT-M16,N/A,N,NUCORT-M16
MEDICINES (General),NUFORCE-150,N/A,N,NUFORCE-150
MEDICINES (General),NUM-M,N/A,N,NUM-M
MEDICINES (General),NUROKIND /Sachet,All,N,NUROKIND (All)/Sachet
MEDICINES (General),NUTRINOL-4G,N/A,General,NUTRINOL-4G
MEDICINES (General),Naprosyn 500+,N/A,N,Naprosyn 500+
MEDICINES (General),Nasivion Adult Nasal Drops,Classic,General,Nasivion Adult Nasal Drops (Classic)
MEDICINES (General),Nat Habit,N/A,General,Nat Habit
MEDICINES (General),Nat Habit Products,N/A,General,Nat Habit Products
MEDICINES (General),Nebicard 2.5/5,N/A,N,Nebicard 2.5/5
MEDICINES (General),Nebilong-Am,N/A,N,Nebilong-Am
MEDICINES (General),Nebistar-SA,N/A,N,Nebistar-SA
MEDICINES (General),Neeri KFT,N/A,General,Neeri KFT
MEDICINES (General),Neopeptine Drops,N/A,Drops,Neopeptine Drops
MEDICINES (General),Neurobion Forte,N/A,Vitamins/Supplements,Neurobion Forte
MEDICINES (General),Nexito 10,N/A,N,Nexito 10
MEDICINES (General),Nexito 5,N/A,N,Nexito 5
MEDICINES (General),Nexito Plus,N/A,N,Nexito Plus
MEDICINES (General),Nihar Naturals Hair Oil,N/A,Hair Care,Nihar Naturals Hair Oil
MEDICINES (General),Nimfresh-P,N/A,General,Nimfresh-P
MEDICINES (General),Nitrokind,N/A,Tablets/Capsules,Nitrokind
MEDICINES (General),Nodosis-DS,N/A,N,Nodosis-DS
MEDICINES (General),Nucoxia 120,N/A,N,Nucoxia 120
MEDICINES (General),Nucoxia 60,N/A,N,Nucoxia 60
MEDICINES (General),Nucoxia 90,N/A,N,Nucoxia 90
MEDICINES (General),Nucoxia MR,N/A,N,Nucoxia MR
MEDICINES (General),Nucoxia SP,N/A,N,Nucoxia SP
MEDICINES (General),Nurotime-LC,N/A,General,Nurotime-LC
MEDICINES (General),Nutrolin-B Plus,N/A,N,Nutrolin-B Plus
MEDICINES (General),Nycil,N/A,General,Nycil
MEDICINES (General),O2,N/A,O,O2
MEDICINES (General),O2OMET-PG1,N/A,O,O2OMET-PG1
MEDICINES (General),OFLOX-200,N/A,O,OFLOX-200
MEDICINES (General),OFLOX-OZ,N/A,O,OFLOX-OZ
MEDICINES (General),OLTEF-NZ,N/A,General,OLTEF-NZ
MEDICINES (General),OMEZ,N/A,O,OMEZ
MEDICINES (General),OMEZ-D,N/A,O,OMEZ-D
MEDICINES (General),ONDEM,N/A,O,ONDEM
MEDICINES (General),OSIL PLUS,N/A,O,OSIL PLUS
MEDICINES (General),OTC Medicines/Digestion,N/A,Eno Lemon Flavour (Box & Sachets),OTC Medicines/Digestion
MEDICINES (General),Ocid 20,N/A,O,Ocid 20
MEDICINES (General),Oclar 500,N/A,Antibiotic,Oclar 500
MEDICINES (General),Ocupol Dx Eye Ointment,N/A,Drops/Ointment,Ocupol Dx Eye Ointment
MEDICINES (General),Ocupol Eye Ointment,N/A,Drops/Ointment,Ocupol Eye Ointment
MEDICINES (General),Odomos,N/A,General,Odomos
MEDICINES (General),Odonil Air Freshener Blocks,N/A,Household & Hygiene,Odonil Air Freshener Blocks
MEDICINES (General),Oflox Eye/Ear Drops,N/A,Drops/Ointment,Oflox Eye/Ear Drops
MEDICINES (General),Okacet-L,N/A,General,Okacet-L
MEDICINES (General),Olmat-20,N/A,O,Olmat-20
MEDICINES (General),Olmesar H,N/A,O,Olmesar H
MEDICINES (General),Olmetime-Am-20,N/A,O,Olmetime-Am-20
MEDICINES (General),Omega 369,N/A,General,Omega 369
MEDICINES (General),Omnacortil,All,O,Omnacortil (All)
MEDICINES (General),Oneclav-625,N/A,General,Oneclav-625
MEDICINES (General),Oral-B,N/A,General,Oral-B
MEDICINES (General),Organic India Assam Black Tea,N/A,General,Organic India Assam Black Tea
MEDICINES (General),Ornithine,N/A,General,Ornithine
MEDICINES (General),Orofer XT Drops,N/A,Drops,Orofer XT Drops
MEDICINES (General),Orofer-X,N/A,General,Orofer-X
MEDICINES (General),Ortho-XR Migraine Roll On,N/A,Pain Relief,Ortho-XR Migraine Roll On
MEDICINES (General),Otek-AC Neo Ear Drops,N/A,Drops/Ointment,Otek-AC Neo Ear Drops
MEDICINES (General),Otocin-C Eye/Ear Drops,N/A,Drops/Ointment,Otocin-C Eye/Ear Drops
MEDICINES (General),Otomis Eye Drops,N/A,Eye/Ear Drops,Otomis Eye Drops
MEDICINES (General),Otrivin Paediatric Oxy,N/A,General,Otrivin Paediatric Oxy
MEDICINES (General),Ovaral-L/G,N/A,O,Ovaral-L/G
MEDICINES (General),Oxalgin-DP,N/A,O,Oxalgin-DP
MEDICINES (General),P102-15,N/A,General,P102-15
MEDICINES (General),PAN-40,N/A,General,PAN-40
MEDICINES (General),PAN-D,N/A,General,PAN-D
MEDICINES (General),PANTOCID-40,N/A,General,PANTOCID-40
MEDICINES (General),PANTOCID-DSR,N/A,General,PANTOCID-DSR
MEDICINES (General),PANTOCID-IT,N/A,General,PANTOCID-IT
MEDICINES (General),PANTOLUP DSR Capsules,N/A,General,PANTOLUP DSR Capsules
MEDICINES (General),PANTOP-40,N/A,General,PANTOP-40
MEDICINES (General),PANTOP-D,N/A,General,PANTOP-D
MEDICINES (General),PANTOP-DSR,N/A,General,PANTOP-DSR
MEDICINES (General),PETRIL-MD,N/A,General,PETRIL-MD
MEDICINES (General),PEXEP CR-12.5,N/A,General,PEXEP CR-12.5
MEDICINES (General),PLACIDA,N/A,General,PLACIDA
MEDICINES (General),PREDMET,N/A,General,PREDMET
MEDICINES (General),PRIMOSA,N/A,General,PRIMOSA
MEDICINES (General),PYZINA 500,N/A,General,PYZINA 500
MEDICINES (General),Pacitane,N/A,General,Pacitane
MEDICINES (General),Pain Relief,N/A,Aceclotech Plus (Aceclofenac & Paracetamol),Pain Relief
MEDICINES (General),Pain Relief Tablet,N/A,Naproxen Sodium 275 mg Tablet,Pain Relief Tablet
MEDICINES (General),Pain Relief/NSAID,N/A,Naprostrong-D 250 (Naproxen Sodium & Domperidone),Pain Relief/NSAID
MEDICINES (General),Pain Relief/NSAID,N/A,Diclofenac Tablets,Pain Relief/NSAID
MEDICINES (General),Pant-40,N/A,General,Pant-40
MEDICINES (General),Pant-D,N/A,General,Pant-D
MEDICINES (General),Pantocid-40,N/A,General,Pantocid-40
MEDICINES (General),Pantocid-DSR,N/A,General,Pantocid-DSR
MEDICINES (General),Pantolup DSR Capsule,N/A,Antacid / Gastro,Pantolup DSR Capsule
MEDICINES (General),Pantop-D,N/A,General,Pantop-D
MEDICINES (General),Pantop-DSR,N/A,General,Pantop-DSR
MEDICINES (General),Parachute 100% Pure Coconut Oil,N/A,General,Parachute 100% Pure Coconut Oil
MEDICINES (General),Parachute Advansed Aloe Vera Enriched Coconut Hair Oil,N/A,Hair Care,Parachute Advansed Aloe Vera Enriched Coconut Hair Oil
MEDICINES (General),Parachute Advansed Aloe Vera Enriched Coconut Hair Oil,N/A,General,Parachute Advansed Aloe Vera Enriched Coconut Hair Oil
MEDICINES (General),Parachute Advansed Jasmine Hair Oil,N/A,Hair Care,Parachute Advansed Jasmine Hair Oil
MEDICINES (General),Pass Pass / Mola Candies,N/A,Confectionery,Pass Pass / Mola Candies
MEDICINES (General),Pee-Biotic,N/A,General,Pee-Biotic
MEDICINES (General),Pepsodent Germicheck,N/A,Dental Care,Pepsodent Germicheck
MEDICINES (General),Perinorm,N/A,General,Perinorm
MEDICINES (General),Pet Saffa Natural Laxative Granules,N/A,General,Pet Saffa Natural Laxative Granules
MEDICINES (General),Pet Saffa Natural Laxative Tablets,N/A,General,Pet Saffa Natural Laxative Tablets
MEDICINES (General),Phostat,N/A,General,Phostat
MEDICINES (General),Play with Boost Capsules,N/A,Health Supplements,Play with Boost Capsules
MEDICINES (General),Pond's,N/A,General,Pond's
MEDICINES (General),Practin,N/A,General,Practin
MEDICINES (General),Prega News Pregnancy Test Kit,N/A,Diagnostic Kit,Prega News Pregnancy Test Kit
MEDICINES (General),Pregaba-D 50/20,N/A,General,Pregaba-D 50/20
MEDICINES (General),Pregaba-M 75,N/A,General,Pregaba-M 75
MEDICINES (General),Pregabanyl-NT,N/A,General,Pregabanyl-NT
MEDICINES (General),Pregabid-50,N/A,General,Pregabid-50
MEDICINES (General),Pregabid-75,N/A,General,Pregabid-75
MEDICINES (General),Pregalin-75,N/A,General,Pregalin-75
MEDICINES (General),Preganews,N/A,I,Preganews
MEDICINES (General),Prepo-Biotic,N/A,General,Prepo-Biotic
MEDICINES (General),Primolut-N,N/A,General,Primolut-N
MEDICINES (General),Prolyte ORS,N/A,Electrolytes,Prolyte ORS
MEDICINES (General),Pure Sense Berry Blast Body Yogurt,N/A,Skincare & Body Care,Pure Sense Berry Blast Body Yogurt
MEDICINES (General),Pure Sense Deep Moisture Body Butter,N/A,Skincare & Body Care,Pure Sense Deep Moisture Body Butter
MEDICINES (General),Pyridium-200,N/A,General,Pyridium-200
MEDICINES (General),Quitnas,N/A,General,Quitnas
MEDICINES (General),Qutan-100,N/A,General,Qutan-100
MEDICINES (General),Qutipin-25,N/A,General,Qutipin-25
MEDICINES (General),R-B Tone,N/A,General,R-B Tone
MEDICINES (General),R-CIN,N/A,General,R-CIN
MEDICINES (General),R-CINEX,N/A,General,R-CINEX
MEDICINES (General),R-Cin,N/A,General,R-Cin
MEDICINES (General),R-Civex,N/A,General,R-Civex
MEDICINES (General),R.B Tone,N/A,General,R.B Tone
MEDICINES (General),RABEKIND-DSR,N/A,General,RABEKIND-DSR
MEDICINES (General),RACIPER 40,N/A,General,RACIPER 40
MEDICINES (General),RANIDOM,N/A,General,RANIDOM
MEDICINES (General),RANTAC,N/A,General,RANTAC
MEDICINES (General),RAZEL-A 75,N/A,General,RAZEL-A 75
MEDICINES (General),RAZO-D,N/A,General,RAZO-D
MEDICINES (General),REBLET-D,N/A,General,REBLET-D
MEDICINES (General),REGESTRONE CR,N/A,General,REGESTRONE CR
MEDICINES (General),RELENT,N/A,General,RELENT
MEDICINES (General),REVITAL,N/A,General,REVITAL
MEDICINES (General),RIFA YES-400,N/A,General,RIFA YES-400
MEDICINES (General),RIFA YES-550,N/A,General,RIFA YES-550
MEDICINES (General),RIFAGUT-400,N/A,General,RIFAGUT-400
MEDICINES (General),ROSEDAY-10,N/A,General,ROSEDAY-10
MEDICINES (General),ROSUBEST 10,N/A,General,ROSUBEST 10
MEDICINES (General),ROSUBEST 20,N/A,General,ROSUBEST 20
MEDICINES (General),ROSUBEST 40,N/A,General,ROSUBEST 40
MEDICINES (General),ROSUVAS F-10,N/A,General,ROSUVAS F-10
MEDICINES (General),ROZUCOR-5,N/A,General,ROZUCOR-5
MEDICINES (General),Rabekind-DSR,N/A,General,Rabekind-DSR
MEDICINES (General),Raciper 40,N/A,General,Raciper 40
MEDICINES (General),Ranidom,N/A,General,Ranidom
MEDICINES (General),Rantac,N/A,General,Rantac
MEDICINES (General),Razel-A 75,N/A,General,Razel-A 75
MEDICINES (General),Razo-D,N/A,General,Razo-D
MEDICINES (General),Reblet-D,N/A,General,Reblet-D
MEDICINES (General),Reclide XR-60,N/A,General,Reclide XR-60
MEDICINES (General),Redicle XR 60,N/A,General,Redicle XR 60
MEDICINES (General),Redotil Sachet,N/A,General,Redotil Sachet
MEDICINES (General),Refresh Tears Eye Drops,N/A,Drops/Ointment,Refresh Tears Eye Drops
MEDICINES (General),Regestrone CR,N/A,General,Regestrone CR
MEDICINES (General),Rejunex OD,N/A,General,Rejunex OD
MEDICINES (General),Relent,N/A,General,Relent
MEDICINES (General),Revlamer 800,N/A,General,Revlamer 800
MEDICINES (General),Revlamer-800,N/A,General,Revlamer-800
MEDICINES (General),Rexigut 200,N/A,General,Rexigut 200
MEDICINES (General),Reycef-200,N/A,Antibiotic,Reycef-200
MEDICINES (General),Richer CR 200,N/A,General,Richer CR 200
MEDICINES (General),Richer CR-200,N/A,General,Richer CR-200
MEDICINES (General),Rifagut-400,N/A,General,Rifagut-400
MEDICINES (General),Roseday-10,N/A,General,Roseday-10
MEDICINES (General),Rosuvas F-10,N/A,General,Rosuvas F-10
MEDICINES (General),Rosuvas-10,N/A,General,Rosuvas-10
MEDICINES (General),Rosuvas-20,N/A,General,Rosuvas-20
MEDICINES (General),Rozavel A,N/A,General,Rozavel A
MEDICINES (General),Rozucor-5,N/A,General,Rozucor-5
MEDICINES (General),SHELCAL,N/A,General,SHELCAL
MEDICINES (General),SIGNO FLAM,N/A,General,SIGNO FLAM
MEDICINES (General),SINAREST,N/A,General,SINAREST
MEDICINES (General),SN-15 PLUS,N/A,General,SN-15 PLUS
MEDICINES (General),SOLVIN COLD,N/A,General,SOLVIN COLD
MEDICINES (General),SPORIDEX 250,N/A,General,SPORIDEX 250
MEDICINES (General),SPORIDEX 500,N/A,General,SPORIDEX 500
MEDICINES (General),SPORIDEX DS,N/A,General,SPORIDEX DS
MEDICINES (General),SPORIDEX-CV 750 Tablets,N/A,General,SPORIDEX-CV 750 Tablets
MEDICINES (General),SPORLAC-DS,N/A,General,SPORLAC-DS
MEDICINES (General),STALOPAM PLUS,N/A,General,STALOPAM PLUS
MEDICINES (General),STEMETIL-MD,N/A,General,STEMETIL-MD
MEDICINES (General),SUMO,N/A,General,SUMO
MEDICINES (General),SUPRACAL,N/A,General,SUPRACAL
MEDICINES (General),Saaz,N/A,General,Saaz
MEDICINES (General),Sai Comfort 11 Agarbatti,N/A,Household,Sai Comfort 11 Agarbatti
MEDICINES (General),Scalpe Plus,N/A,General,Scalpe Plus
MEDICINES (General),Scrabe,N/A,General,Scrabe
MEDICINES (General),Sensodent K Fast Relief,N/A,Dental Care,Sensodent K Fast Relief
MEDICINES (General),Sensodent KF Cavity Protection,N/A,Dental Care,Sensodent KF Cavity Protection
MEDICINES (General),Sensodyne,N/A,General,Sensodyne
MEDICINES (General),Sensur Oil Roll-on,N/A,Oil/Roll-on,Sensur Oil Roll-on
MEDICINES (General),Seroflo 250 Inhaler,N/A,Respiratory/Asthma,Seroflo 250 Inhaler
MEDICINES (General),Sesa,N/A,General,Sesa
MEDICINES (General),Set Wet,N/A,General,Set Wet
MEDICINES (General),Shauna Cetoryl Calm Gentle Cleanser,N/A,Skincare & Cosmetics,Shauna Cetoryl Calm Gentle Cleanser
MEDICINES (General),Silodova 8,N/A,Urological,Silodova 8
MEDICINES (General),Simyl MCT Oil,N/A,Medicines & Drops,Simyl MCT Oil
MEDICINES (General),Sinarest Drops,N/A,Drops,Sinarest Drops
MEDICINES (General),Sinarest-AF Drops,N/A,Drops,Sinarest-AF Drops
MEDICINES (General),Sitabite M 50/500,N/A,General,Sitabite M 50/500
MEDICINES (General),Soliwax Ear Drops,N/A,Drops/Ointment,Soliwax Ear Drops
MEDICINES (General),Solvin Cold AF Drops,N/A,Drops,Solvin Cold AF Drops
MEDICINES (General),Solvin Cold Drops,N/A,Drops,Solvin Cold Drops
MEDICINES (General),Sompraz-40,N/A,General,Sompraz-40
MEDICINES (General),Stayfree,N/A,General,Stayfree
MEDICINES (General),Steritex,N/A,General,Steritex
MEDICINES (General),Storvas 10,N/A,General,Storvas 10
MEDICINES (General),Streax Hair Serum,N/A,Hair Care,Streax Hair Serum
MEDICINES (General),Streax Hair Serum,Walnut,Hair Care,Streax Hair Serum (Walnut)
MEDICINES (General),Stugeron-25,N/A,General,Stugeron-25
MEDICINES (General),Stugeron-PLUS,N/A,General,Stugeron-PLUS
MEDICINES (General),Styptovit E,N/A,General,Styptovit E
MEDICINES (General),Suhagra,N/A,Erectile Dysfunction,Suhagra
MEDICINES (General),Supplement,N/A,HealthOK Drops / Sachets,Supplement
MEDICINES (General),Supplement/Tablets,N/A,CCM Tablets,Supplement/Tablets
MEDICINES (General),Supradyn,N/A,General,Supradyn
MEDICINES (General),Surbex gold,N/A,General,Surbex gold
MEDICINES (General),Surgical / Wound Care,N/A,Smith & Nephew Product,Surgical / Wound Care
MEDICINES (General),Susten SR,200,General,Susten SR(200)
MEDICINES (General),Swich Cefpodoxime Drops,N/A,Drops,Swich Cefpodoxime Drops
MEDICINES (General),Syndopa plus,N/A,General,Syndopa plus
MEDICINES (General),Systane Ultra Eye Drops,N/A,Drops/Ointment,Systane Ultra Eye Drops
MEDICINES (General),TAXIM-O,N/A,General,TAXIM-O
MEDICINES (General),TAZLOC CT 12.5/80,N/A,General,TAZLOC CT 12.5/80
MEDICINES (General),TECZINE,N/A,General,TECZINE
MEDICINES (General),TELMA,N/A,General,TELMA
MEDICINES (General),TELMIKIND 40,N/A,General,TELMIKIND 40
MEDICINES (General),TELMIKIND AM,N/A,General,TELMIKIND AM
MEDICINES (General),TELMIKIND AMH,N/A,General,TELMIKIND AMH
MEDICINES (General),TELMIKIND Beta 25,N/A,General,TELMIKIND Beta 25
MEDICINES (General),TELMIKIND Beta 50,N/A,General,TELMIKIND Beta 50
MEDICINES (General),TELMIKIND H-80,N/A,General,TELMIKIND H-80
MEDICINES (General),TELMIKIND Trio 6.25,N/A,General,TELMIKIND Trio 6.25
MEDICINES (General),TELVAS 40,N/A,General,TELVAS 40
MEDICINES (General),TELVAS H 40/12.5,N/A,General,TELVAS H 40/12.5
MEDICINES (General),TENEFIT-20,N/A,General,TENEFIT-20
MEDICINES (General),TENTEX FORTE,N/A,General,TENTEX FORTE
MEDICINES (General),TEXAKIND,N/A,General,TEXAKIND
MEDICINES (General),TEXAKIND-MF,N/A,General,TEXAKIND-MF
MEDICINES (General),THYROX 50,N/A,Thyroid Medication,THYROX 50
MEDICINES (General),TOFATAS-XR,N/A,General,TOFATAS-XR
MEDICINES (General),TOFE-5,N/A,General,TOFE-5
MEDICINES (General),TRAJENTA,N/A,General,TRAJENTA
MEDICINES (General),TRYPTOMER,N/A,General,TRYPTOMER
MEDICINES (General),Tab ME-12 OD,N/A,M,Tab ME-12 OD
MEDICINES (General),Tablets,N/A,Dolosen 500 Tablets,Tablets
MEDICINES (General),Tablets,N/A,Troikaa Para 650 Tablets,Tablets
MEDICINES (General),Tamsulosin,N/A,General,Tamsulosin
MEDICINES (General),Tear Drops Lubricating Eye Drops,N/A,Drops/Ointment,Tear Drops Lubricating Eye Drops
MEDICINES (General),Tegrital All,N/A,General,Tegrital All
MEDICINES (General),Tendofair Forte,N/A,General,Tendofair Forte
MEDICINES (General),Tenormin 25,N/A,General,Tenormin 25
MEDICINES (General),Tenormin 50,N/A,General,Tenormin 50
MEDICINES (General),Tetmosol,N/A,General,Tetmosol
MEDICINES (General),Thyreactiv 100,N/A,Thyroid Medication,Thyreactiv 100
MEDICINES (General),Thyreactiv 25,N/A,Thyroid Medication,Thyreactiv 25
MEDICINES (General),Thyronorm 100 mcg,N/A,Thyroid Medication,Thyronorm 100 mcg
MEDICINES (General),Thyronorm 12.5 mcg,N/A,Thyroid Medication,Thyronorm 12.5 mcg
MEDICINES (General),Thyronorm 25 mcg,N/A,Thyroid Medication,Thyronorm 25 mcg
MEDICINES (General),Thyronorm 50 mcg,N/A,Thyroid Medication,Thyronorm 50 mcg
MEDICINES (General),Thyronorm 88 mcg,N/A,Thyroid Medication,Thyronorm 88 mcg
MEDICINES (General),Thyroxinol 100,N/A,Thyroid Medication,Thyroxinol 100
MEDICINES (General),Thyroxinol 125,N/A,Thyroid Medication,Thyroxinol 125
MEDICINES (General),Thyroxinol 25,N/A,Thyroid Medication,Thyroxinol 25
MEDICINES (General),Thyroxinol 50,N/A,Thyroid Medication,Thyroxinol 50
MEDICINES (General),Thyroxinol 75,N/A,Thyroid Medication,Thyroxinol 75
MEDICINES (General),Tiger Balm,N/A,Pain Relief & Balms,Tiger Balm
MEDICINES (General),Tikaglor-90,N/A,General,Tikaglor-90
MEDICINES (General),Tinfal-5,N/A,General,Tinfal-5
MEDICINES (General),Tobacín Eye/Ear Drops,N/A,Drops/Ointment,Tobacín Eye/Ear Drops
MEDICINES (General),Tobraject Eye Drops,N/A,Eye/Ear Drops,Tobraject Eye Drops
MEDICINES (General),Torex,N/A,General,Torex
MEDICINES (General),Tramazec,N/A,General,Tramazec
MEDICINES (General),Trika-0.5,N/A,General,Trika-0.5
MEDICINES (General),Tripride-2,N/A,General,Tripride-2
MEDICINES (General),Tulips Toothpicks,N/A,Oral Care,Tulips Toothpicks
MEDICINES (General),Tus Q-DT,N/A,General,Tus Q-DT
MEDICINES (General),Twelup SL,N/A,General,Twelup SL
MEDICINES (General),Tynor Abdominal Belt,N/A,General,Tynor Abdominal Belt
MEDICINES (General),Tynor Knee Cap,N/A,General,Tynor Knee Cap
MEDICINES (General),Tynor Support,N/A,General,Tynor Support
MEDICINES (General),UDILIV 150,N/A,General,UDILIV 150
MEDICINES (General),UDILIV 300,N/A,General,UDILIV 300
MEDICINES (General),UPRISE-D3,N/A,General,UPRISE-D3
MEDICINES (General),URIMAX 0.4,N/A,General,URIMAX 0.4
MEDICINES (General),URIMAX D,N/A,General,URIMAX D
MEDICINES (General),URIRON,N/A,General,URIRON
MEDICINES (General),Ujala Eye Drops,N/A,Eye/Ear Drops,Ujala Eye Drops
MEDICINES (General),Ultracet,N/A,General,Ultracet
MEDICINES (General),Unienzyme,N/A,General,Unienzyme
MEDICINES (General),Unwanted-72,N/A,I,Unwanted-72
MEDICINES (General),Unwanted-Kit,N/A,Gynecological,Unwanted-Kit
MEDICINES (General),Uprise-D3 Drops,N/A,Drops,Uprise-D3 Drops
MEDICINES (General),Urban Yog Acne/Pimple Patch,N/A,Skincare & Body Care,Urban Yog Acne/Pimple Patch
MEDICINES (General),Urban Yog Acne/Pimple Patch,36 Dots,Skin Care,Urban Yog Acne/Pimple Patch (36 Dots)
MEDICINES (General),Urispas,N/A,General,Urispas
MEDICINES (General),VELOZ,N/A,General,VELOZ
MEDICINES (General),VERTIN,N/A,General,VERTIN
MEDICINES (General),VITCOFOL,N/A,General,VITCOFOL
MEDICINES (General),VITCOPOL,N/A,General,VITCOPOL
MEDICINES (General),VIZYLAC / RICH,N/A,General,VIZYLAC / RICH
MEDICINES (General),Vabmox Eye Drops,N/A,Eye/Ear Drops,Vabmox Eye Drops
MEDICINES (General),Vasograin,N/A,General,Vasograin
MEDICINES (General),Ventidox Bro,N/A,General,Ventidox Bro
MEDICINES (General),Veronia-XT Drops,N/A,Drops,Veronia-XT Drops
MEDICINES (General),Vertigen,N/A,General,Vertigen
MEDICINES (General),Vertin 16,N/A,Anti-vertigo,Vertin 16
MEDICINES (General),Vicco Vajradanti Paste,N/A,Dental Care,Vicco Vajradanti Paste
MEDICINES (General),Vicks VapoRub,N/A,Pain Relief & Balms,Vicks VapoRub
MEDICINES (General),Vit E 400,N/A,General,Vit E 400
MEDICINES (General),Vitamin Supplement,N/A,Calskii-500 Tablet (Calcium & Vitamin D3),Vitamin Supplement
MEDICINES (General),Vitamin-D3 Drops,N/A,Vitamins/Supplements,Vitamin-D3 Drops
MEDICINES (General),Vivel,N/A,General,Vivel
MEDICINES (General),Vizylac Junior,N/A,Probiotic,Vizylac Junior
MEDICINES (General),Voglinorm GM 2/0.3,N/A,General,Voglinorm GM 2/0.3
MEDICINES (General),Voveran SR-75,N/A,General,Voveran SR-75
MEDICINES (General),WARF,N/A,General,WARF
MEDICINES (General),WOW Skin Science Onion Black Seed Hair Oil,N/A,Hair Care,WOW Skin Science Onion Black Seed Hair Oil
MEDICINES (General),Wikoryl-10,N/A,General,Wikoryl-10
MEDICINES (General),WinClab KT 6,N/A,General,WinClab KT 6
MEDICINES (General),Wysolone,N/A,General,Wysolone
MEDICINES (General),Xivanose Xylometazoline Nasal Drops,N/A,General,Xivanose Xylometazoline Nasal Drops
MEDICINES (General),ZENETRA Thumb & Wrist Support,N/A,General,ZENETRA Thumb & Wrist Support
MEDICINES (General),ZERODOL-MR,N/A,General,ZERODOL-MR
MEDICINES (General),ZERODOL-P,N/A,General,ZERODOL-P
MEDICINES (General),ZERODOL-SP,N/A,General,ZERODOL-SP
MEDICINES (General),ZERODOL-TH4,N/A,General,ZERODOL-TH4
MEDICINES (General),ZERODOL-TH8,N/A,General,ZERODOL-TH8
MEDICINES (General),ZIFI-100 DT,N/A,General,ZIFI-100 DT
MEDICINES (General),ZIFI-200,N/A,General,ZIFI-200
MEDICINES (General),ZIFI-O,N/A,General,ZIFI-O
MEDICINES (General),ZINCOVIT,N/A,General,ZINCOVIT
MEDICINES (General),ZIVAST 10,N/A,General,ZIVAST 10
MEDICINES (General),ZOLFRESH,N/A,General,ZOLFRESH
MEDICINES (General),Zady 250,N/A,General,Zady 250
MEDICINES (General),Zady 500,N/A,General,Zady 500
MEDICINES (General),Zecclot 500,N/A,General,Zecclot 500
MEDICINES (General),Zefcort-12,N/A,D,Zefcort-12
MEDICINES (General),Zefermd,N/A,General,Zefermd
MEDICINES (General),Zembred,N/A,General,Zembred
MEDICINES (General),Zenetra Abdominal Support,N/A,Orthopedic & Supports,Zenetra Abdominal Support
MEDICINES (General),Zenetra Knee Cap,N/A,Orthopedic & Supports,Zenetra Knee Cap
MEDICINES (General),Zenetra Lumber Sacral Support,N/A,Orthopedic & Supports,Zenetra Lumber Sacral Support
MEDICINES (General),Zenetra Pouch Arm Sling,N/A,Orthopedic & Supports,Zenetra Pouch Arm Sling
MEDICINES (General),Zenetra Thumb & Wrist Support,N/A,General,Zenetra Thumb & Wrist Support
MEDICINES (General),Zenflox O2,N/A,General,Zenflox O2
MEDICINES (General),Zerodol-SP,N/A,Pain Relief,Zerodol-SP
MEDICINES (General),Zinconia,N/A,General,Zinconia
MEDICINES (General),Zinolvita,N/A,General,Zinolvita
MEDICINES (General),Zocon 400,N/A,General,Zocon 400
MEDICINES (General),Zyloric,N/A,General,Zyloric
MEDICINES (General),Zytanix 2.5,N/A,General,Zytanix 2.5
MEDICINES (General),tynor Elbow Support,N/A,General,tynor Elbow Support
==== SEXUAL WELLNESS STARTS HERE ====,,,,
SEXUAL WELLNESS,Crystal Condom,N/A,Sexual Wellness,Crystal Condom
SEXUAL WELLNESS,Durex,N/A,General,Durex
SEXUAL WELLNESS,Durex Air Condoms,N/A,Sexual Wellness,Durex Air Condoms
SEXUAL WELLNESS,Durex Condoms,N/A,General,Durex Condoms
SEXUAL WELLNESS,Durex Extra Time Condoms,N/A,Sexual Wellness,Durex Extra Time Condoms
SEXUAL WELLNESS,Erectile Dysfunction,N/A,Manforce Tablets (100mg/50mg),Erectile Dysfunction
SEXUAL WELLNESS,Loveguard Condoms,N/A,Sexual Wellness,Loveguard Condoms
SEXUAL WELLNESS,Loveguard Ultrathin Condoms,N/A,Contraceptive,Loveguard Ultrathin Condoms
SEXUAL WELLNESS,Manforce,N/A,General,Manforce
SEXUAL WELLNESS,Manforce Condoms,"Epic, Overtime, Dots 1740, King Dots",Sexual Wellness,"Manforce Condoms (Epic, Overtime, Dots 1740, King Dots)"
SEXUAL WELLNESS,Manforce Condoms,N/A,General,Manforce Condoms
SEXUAL WELLNESS,Manforce Sildenafil Tablets 100mg,N/A,General,Manforce Sildenafil Tablets 100mg
SEXUAL WELLNESS,Moss Lubricant Eye Drops,N/A,Drops/Ointment,Moss Lubricant Eye Drops
SEXUAL WELLNESS,Playgard Condoms,N/A,Sexual Wellness,Playgard Condoms
==== SURGICAL & FIRST AID STARTS HERE ====,,,,
SURGICAL & FIRST AID,3M Micropore Adhesive Tape,N/A,Surgical/First Aid,3M Micropore Adhesive Tape
SURGICAL & FIRST AID,Alcohol Prep Pads,N/A,Surgical/First Aid,Alcohol Prep Pads
SURGICAL & FIRST AID,Cotton Swabs,Pure & Soft,Personal Care & Hygiene,Cotton Swabs (Pure & Soft)
SURGICAL & FIRST AID,Dispo Van Syringe,N/A,Surgical/First Aid,Dispo Van Syringe
SURGICAL & FIRST AID,First Aid,N/A,Grip-O-Care Adhesive Tape (Non-Woven),First Aid
SURGICAL & FIRST AID,GRIP-O-CARE Paper Tape,N/A,General,GRIP-O-CARE Paper Tape
SURGICAL & FIRST AID,MEDI GRIP Adhesive Bandage,N/A,General,MEDI GRIP Adhesive Bandage
==== SYRUPS & LIQUIDS STARTS HERE ====,,,,
SYRUPS & LIQUIDS,AGIDINE Solution 5%,N/A,Solution/Gargle,AGIDINE Solution 5%
SYRUPS & LIQUIDS,Acifresh Suspension,Pink,Syrup/Suspension,Acifresh Suspension (Pink)
SYRUPS & LIQUIDS,Acifresh Suspension,Green,Syrup/Suspension,Acifresh Suspension (Green)
SYRUPS & LIQUIDS,Alkasol Solution,N/A,Syrup/Suspension,Alkasol Solution
SYRUPS & LIQUIDS,Aristozyme Digestive Enzyme,N/A,Syrup/Suspension,Aristozyme Digestive Enzyme
SYRUPS & LIQUIDS,Augmentin DDS Suspension,N/A,Syrup/Suspension,Augmentin DDS Suspension
SYRUPS & LIQUIDS,Ayurvedic Medicine,N/A,Himalaya Liv.52 Tablets/Syrup,Ayurvedic Medicine
SYRUPS & LIQUIDS,Azee XL Suspension,N/A,Syrup/Suspension,Azee XL Suspension
SYRUPS & LIQUIDS,Azithral Liquid 200,N/A,Syrup/Suspension,Azithral Liquid 200
SYRUPS & LIQUIDS,Bandy Suspension,N/A,Syrup/Suspension,Bandy Suspension
SYRUPS & LIQUIDS,Bandy-Plus Suspension,N/A,Syrup/Suspension,Bandy-Plus Suspension
SYRUPS & LIQUIDS,Benadryl Cough Formula,N/A,Syrup/Suspension,Benadryl Cough Formula
SYRUPS & LIQUIDS,Benadryl DR,N/A,Syrup/Suspension,Benadryl DR
SYRUPS & LIQUIDS,Betadine Gargle 2%,N/A,Solution/Gargle,Betadine Gargle 2%
SYRUPS & LIQUIDS,Betadine Solution 10%,N/A,Solution/Gargle,Betadine Solution 10%
SYRUPS & LIQUIDS,Bevon Suspension,N/A,Syrup/Suspension,Bevon Suspension
SYRUPS & LIQUIDS,Bifilac Oral Suspension,N/A,Syrup/Suspension,Bifilac Oral Suspension
SYRUPS & LIQUIDS,Bro-Zedex,N/A,Syrup/Suspension,Bro-Zedex
SYRUPS & LIQUIDS,Bro-Zedex SF,N/A,Syrup/Suspension,Bro-Zedex SF
SYRUPS & LIQUIDS,CIPLADINE Solution 7.5%,N/A,Solution/Gargle,CIPLADINE Solution 7.5%
SYRUPS & LIQUIDS,Calcimax-P Suspension,N/A,Syrup/Suspension,Calcimax-P Suspension
SYRUPS & LIQUIDS,Calpol 120 Suspension,N/A,Syrup/Suspension,Calpol 120 Suspension
SYRUPS & LIQUIDS,Calpol 250 Suspension,N/A,Syrup/Suspension,Calpol 250 Suspension
SYRUPS & LIQUIDS,Candid Dusting Powder / Expert Skin Solution,N/A,Dusting Powder,Candid Dusting Powder / Expert Skin Solution
SYRUPS & LIQUIDS,Chericof LS,N/A,Syrup/Suspension,Chericof LS
SYRUPS & LIQUIDS,Cipcal Suspension,N/A,Syrup/Suspension,Cipcal Suspension
SYRUPS & LIQUIDS,Combiflam Suspension,N/A,Syrup/Suspension,Combiflam Suspension
SYRUPS & LIQUIDS,Cough Syrup,N/A,Himalaya Koflet Syrup,Cough Syrup
SYRUPS & LIQUIDS,Cough Syrup,N/A,Honitus Adulsa Cough Syrup,Cough Syrup
SYRUPS & LIQUIDS,Cremaffin,N/A,Syrup/Suspension,Cremaffin
SYRUPS & LIQUIDS,Cyclopam Suspension,N/A,Syrup/Suspension,Cyclopam Suspension
SYRUPS & LIQUIDS,Dabur Honitus Cough Syrup,N/A,Medicines & Drops,Dabur Honitus Cough Syrup
SYRUPS & LIQUIDS,Defcort Oral Suspension,N/A,Syrup/Suspension,Defcort Oral Suspension
SYRUPS & LIQUIDS,Dettol Antiseptic Liquid,N/A,General,Dettol Antiseptic Liquid
SYRUPS & LIQUIDS,Digene Antacid,N/A,Syrup/Suspension,Digene Antacid
SYRUPS & LIQUIDS,Domstal Suspension,N/A,Syrup/Suspension,Domstal Suspension
SYRUPS & LIQUIDS,Duphalac Solution,N/A,Syrup/Suspension,Duphalac Solution
SYRUPS & LIQUIDS,Eleesa Geesol Liquid,N/A,Skincare/Glycerin,Eleesa Geesol Liquid
SYRUPS & LIQUIDS,Flagyl Suspension,N/A,Syrup/Suspension,Flagyl Suspension
SYRUPS & LIQUIDS,Flexon Suspension,N/A,Syrup/Suspension,Flexon Suspension
SYRUPS & LIQUIDS,Gelusil Antacid,N/A,Syrup/Suspension,Gelusil Antacid
SYRUPS & LIQUIDS,Gudlax Plus Solution,N/A,Syrup/Suspension,Gudlax Plus Solution
SYRUPS & LIQUIDS,Gudlax Plus Suspension,N/A,Syrup/Suspension,Gudlax Plus Suspension
SYRUPS & LIQUIDS,HAEM UP,N/A,Supplement/Syrup,HAEM UP
SYRUPS & LIQUIDS,Health Supplements,N/A,Aptivate Syrup,Health Supplements
SYRUPS & LIQUIDS,Histafree Suspension,N/A,Syrup/Suspension,Histafree Suspension
SYRUPS & LIQUIDS,Honimist Ayurvedic Cough Syrup,N/A,General,Honimist Ayurvedic Cough Syrup
SYRUPS & LIQUIDS,Hypersol Ophthalmic Solution,N/A,Drops/Ointment,Hypersol Ophthalmic Solution
SYRUPS & LIQUIDS,Ibugesic Plus Suspension,N/A,Syrup/Suspension,Ibugesic Plus Suspension
SYRUPS & LIQUIDS,Ibugesic Suspension,N/A,Syrup/Suspension,Ibugesic Suspension
SYRUPS & LIQUIDS,Lactolook Oral Solution,N/A,Syrup/Suspension,Lactolook Oral Solution
SYRUPS & LIQUIDS,Lariago Suspension,N/A,Syrup/Suspension,Lariago Suspension
SYRUPS & LIQUIDS,Liquid Paraffin,N/A,Medicine/Skin Care,Liquid Paraffin
SYRUPS & LIQUIDS,Livon-DS Liver Tonic,N/A,Syrups & Tonics,Livon-DS Liver Tonic
SYRUPS & LIQUIDS,Lupituss Suspension,N/A,Syrup/Suspension,Lupituss Suspension
SYRUPS & LIQUIDS,Macbery XT Expectorant,N/A,Syrup/Suspension,Macbery XT Expectorant
SYRUPS & LIQUIDS,Medicaine Gel,N/A,Syrup/Suspension,Medicaine Gel
SYRUPS & LIQUIDS,Meftal-P Suspension,N/A,Syrup/Suspension,Meftal-P Suspension
SYRUPS & LIQUIDS,Meftal-Spas Suspension,N/A,Syrup/Suspension,Meftal-Spas Suspension
SYRUPS & LIQUIDS,Metrogyl Suspension,N/A,Syrup/Suspension,Metrogyl Suspension
SYRUPS & LIQUIDS,Mezocid Suspension,N/A,Syrup/Suspension,Mezocid Suspension
SYRUPS & LIQUIDS,Minoxidil Topical Solution USP / Tinfal-10,N/A,Haircare,Minoxidil Topical Solution USP / Tinfal-10
SYRUPS & LIQUIDS,Mucaine Gel,N/A,Syrup/Suspension,Mucaine Gel
SYRUPS & LIQUIDS,Multani Kuka Cough Syrup,N/A,General,Multani Kuka Cough Syrup
SYRUPS & LIQUIDS,NOSIKIND-0.1% Xylometazoline Nasal Solution IP,N/A,General,NOSIKIND-0.1% Xylometazoline Nasal Solution IP
SYRUPS & LIQUIDS,Nasoclear Saline Nasal Solution,N/A,General,Nasoclear Saline Nasal Solution
SYRUPS & LIQUIDS,Nobel-Plus Suspension,N/A,Syrup/Suspension,Nobel-Plus Suspension
SYRUPS & LIQUIDS,O2 Oral Suspension,N/A,Syrup/Suspension,O2 Oral Suspension
SYRUPS & LIQUIDS,Oflomac-M Suspension,N/A,Syrup/Suspension,Oflomac-M Suspension
SYRUPS & LIQUIDS,Omnacortil Solution,N/A,Syrup/Suspension,Omnacortil Solution
SYRUPS & LIQUIDS,Oral Rehydration Salts,ORS,Electrolyte Solution,Oral Rehydration Salts (ORS)
SYRUPS & LIQUIDS,Polo 250 Suspension,N/A,Syrup/Suspension,Polo 250 Suspension
SYRUPS & LIQUIDS,Pred Forte Eye Suspension,N/A,Drops/Ointment,Pred Forte Eye Suspension
SYRUPS & LIQUIDS,Ranidom-MPS Suspension,N/A,Syrup/Suspension,Ranidom-MPS Suspension
SYRUPS & LIQUIDS,Savlon Antiseptic Liquid,N/A,General,Savlon Antiseptic Liquid
SYRUPS & LIQUIDS,Savlon Antiseptic Liquid,N/A,First Aid,Savlon Antiseptic Liquid
SYRUPS & LIQUIDS,Sucrafil O Gel,N/A,Syrup/Suspension,Sucrafil O Gel
SYRUPS & LIQUIDS,Suthol Neem Body Hygiene Liquid,N/A,General,Suthol Neem Body Hygiene Liquid
SYRUPS & LIQUIDS,Syrup/Suspension,N/A,Zinconia Zinc Acetate Syrup,Syrup/Suspension
SYRUPS & LIQUIDS,Syrup/Suspension,N/A,Dexorange Syrup,Syrup/Suspension
SYRUPS & LIQUIDS,Syrup/Suspension,N/A,Montral Syrup,Syrup/Suspension
SYRUPS & LIQUIDS,Syrup/Suspension,N/A,Taxim-O Dry Syrup,Syrup/Suspension
SYRUPS & LIQUIDS,Syrup/Suspension,N/A,Pulmoclear Syrup,Syrup/Suspension
SYRUPS & LIQUIDS,Syrup/Suspension,N/A,Zifi 100 Dry Syrup,Syrup/Suspension
SYRUPS & LIQUIDS,Syrup/Suspension,N/A,Zocef Dry Syrup,Syrup/Suspension
SYRUPS & LIQUIDS,Syrup/Suspension,N/A,Anafortan Syrup,Syrup/Suspension
SYRUPS & LIQUIDS,Syrup/Suspension,N/A,Erox CV 457 Syrup,Syrup/Suspension
SYRUPS & LIQUIDS,Syrup/Suspension,N/A,Duo Dry Syrup,Syrup/Suspension
SYRUPS & LIQUIDS,Syrup/Suspension,N/A,Emeset Syrup,Syrup/Suspension
SYRUPS & LIQUIDS,Syrup/Suspension,N/A,Neeri Syrup,Syrup/Suspension
SYRUPS & LIQUIDS,Syrup/Suspension,N/A,Ausmezyme Syrup,Syrup/Suspension
SYRUPS & LIQUIDS,Syrup/Suspension,N/A,Folicron Red Syrup,Syrup/Suspension
SYRUPS & LIQUIDS,Syrup/Suspension,N/A,Austro B-Complex Syrup,Syrup/Suspension
SYRUPS & LIQUIDS,Syrup/Suspension,N/A,Aptistart Syrup,Syrup/Suspension
SYRUPS & LIQUIDS,Syrup/Suspension,N/A,Lycopen Gold Syrup,Syrup/Suspension
SYRUPS & LIQUIDS,Syrup/Suspension,N/A,Freelac Syrup,Syrup/Suspension
SYRUPS & LIQUIDS,Syrup/Suspension,N/A,Amyron Syrup,Syrup/Suspension
SYRUPS & LIQUIDS,Syrup/Suspension,N/A,Aptimust Syrup,Syrup/Suspension
SYRUPS & LIQUIDS,Syrup/Suspension,N/A,Grilinctus-BM Syrup,Syrup/Suspension
SYRUPS & LIQUIDS,Syrup/Suspension,N/A,R.B. TONE Syrup,Syrup/Suspension
SYRUPS & LIQUIDS,Syrup/Suspension,N/A,Levolin Syrup,Syrup/Suspension
SYRUPS & LIQUIDS,Syrup/Suspension,N/A,Neeri KFT Syrup,Syrup/Suspension
SYRUPS & LIQUIDS,Syrup/Suspension,N/A,Sinarest Syrup,Syrup/Suspension
SYRUPS & LIQUIDS,Syrup/Suspension,N/A,Viscodyne Syrup,Syrup/Suspension
SYRUPS & LIQUIDS,Syrup/Suspension,N/A,Acifresh Syrup,Syrup/Suspension
SYRUPS & LIQUIDS,Syrup/Suspension,N/A,Ephedrex Syrup,Syrup/Suspension
SYRUPS & LIQUIDS,Syrup/Suspension,N/A,Phenergan Syrup,Syrup/Suspension
SYRUPS & LIQUIDS,Syrup/Suspension,N/A,Reswas Syrup,Syrup/Suspension
SYRUPS & LIQUIDS,Syrup/Suspension,N/A,Relent Syrup,Syrup/Suspension
SYRUPS & LIQUIDS,Syrup/Suspension,N/A,M2-Tone Syrup,Syrup/Suspension
SYRUPS & LIQUIDS,Syrup/Suspension,N/A,Gaviscon Syrup,Syrup/Suspension
SYRUPS & LIQUIDS,Syrup/Suspension,N/A,Mucolite Syrup,Syrup/Suspension
SYRUPS & LIQUIDS,Syrup/Suspension,N/A,Kofol Syrup,Syrup/Suspension
SYRUPS & LIQUIDS,Syrup/Suspension,N/A,Ondem Syrup,Syrup/Suspension
SYRUPS & LIQUIDS,Syrup/Suspension,N/A,Amycure D.S. Syrup,Syrup/Suspension
SYRUPS & LIQUIDS,Syrup/Suspension,N/A,Ascoril LS Syrup,Syrup/Suspension
SYRUPS & LIQUIDS,Syrup/Suspension,N/A,Alerid Syrup,Syrup/Suspension
SYRUPS & LIQUIDS,Syrup/Suspension,N/A,Asthalin Syrup,Syrup/Suspension
SYRUPS & LIQUIDS,Syrup/Suspension,N/A,Ambrodil-S Syrup,Syrup/Suspension
SYRUPS & LIQUIDS,Syrup/Suspension,N/A,Atarax Syrup,Syrup/Suspension
SYRUPS & LIQUIDS,Syrup/Suspension,N/A,Ambrodil Syrup,Syrup/Suspension
SYRUPS & LIQUIDS,Syrup/Suspension,N/A,Cosome A Syrup,Syrup/Suspension
SYRUPS & LIQUIDS,Syrups & Tonics,N/A,Himalaya Koflet Syrup,Syrups & Tonics
SYRUPS & LIQUIDS,Syrups & Tonics,N/A,Himalaya Koflet-EX Syrup,Syrups & Tonics
SYRUPS & LIQUIDS,Syrups & Tonics,N/A,Himalaya Koflet-SF Syrup,Syrups & Tonics
SYRUPS & LIQUIDS,Syrups & Tonics,N/A,Himalaya Evecare Syrup,Syrups & Tonics
SYRUPS & LIQUIDS,Syrups & Tonics,N/A,Himalaya Septilin Syrup,Syrups & Tonics
SYRUPS & LIQUIDS,Syrups & Tonics,N/A,Himalaya Liv.52 DS Syrup,Syrups & Tonics
SYRUPS & LIQUIDS,Syrups & Tonics,N/A,Himalaya Liv.52 Syrup,Syrups & Tonics
SYRUPS & LIQUIDS,Syrups & Tonics,N/A,Lupiliv DS Syrup,Syrups & Tonics
SYRUPS & LIQUIDS,Taxim-O Forte,N/A,Syrup/Suspension,Taxim-O Forte
SYRUPS & LIQUIDS,TroyDine Gargle,N/A,Solution/Gargle,TroyDine Gargle
SYRUPS & LIQUIDS,Unani Medicine,N/A,Hamdard Safi Syrup,Unani Medicine
SYRUPS & LIQUIDS,Vikas Madhu Cough Syrup,N/A,General,Vikas Madhu Cough Syrup
SYRUPS & LIQUIDS,Wikoryl Oral Suspension,N/A,Syrup/Suspension,Wikoryl Oral Suspension
SYRUPS & LIQUIDS,Zandu Cough Syrup,N/A,General,Zandu Cough Syrup
SYRUPS & LIQUIDS,Zedex Dry Cough Relief,N/A,Syrup/Suspension,Zedex Dry Cough Relief
SYRUPS & LIQUIDS,Zolemetin,Albendazole & Ivermectin Suspension,Medicines & Drops,Zolemetin (Albendazole & Ivermectin Suspension)
SYRUPS & LIQUIDS,Zybend,Albendazole Oral Suspension,Medicines & Drops,Zybend (Albendazole Oral Suspension)
